bucket,count,percentage_of_checked,percentage_of_failed,example_junction_id,example_connection_id,example_from,example_to,example_distance_m,example_angular_deg,example_incoming_road,example_connecting_road,contactPoint,notes
0.25-0.5,1721,7.31,57.52,12,3,-1,-1,0.2500,0.00,47383,54435,start,"deterministic first sorted by junction,connection,from,to"
0.5-1,146,0.62,4.88,39,1,-2,-2,0.7500,0.00,47965,70295,start,"deterministic first sorted by junction,connection,from,to"
1-3,292,1.24,9.76,5,1,-1,-1,2.6074,96.31,50230,70937,start,"deterministic first sorted by junction,connection,from,to"
3-5,686,2.92,22.93,1,3,-2,-1,3.5000,0.00,42486,52027,start,"deterministic first sorted by junction,connection,from,to"
5-10,123,0.52,4.11,8,2,-3,-1,7.0000,0.00,51971,73103,start,"deterministic first sorted by junction,connection,from,to"
>10,23,0.10,0.77,411,15,-4,-1,10.5000,0.00,47036,69337,start,"deterministic first sorted by junction,connection,from,to"
heading_only,1,0.00,0.03,3125,4,-1,-1,0.1431,175.31,46644,68873,start,"deterministic first sorted by junction,connection,from,to"

angular_bucket,count,percentage_of_failures,notes
0-12,2541,84.93,angular among failures
12-30,99,3.31,angular among failures
30-60,99,3.31,angular among failures
60-90,60,2.01,angular among failures
90-120,57,1.91,angular among failures
>120,136,4.55,angular among failures

metric,value
checked,23529
failed,2992
passed,20537
failure_rate_percent,12.72
max_distance_m,14.000
gt3_count,832
gt3_distinct_junctions,491
gt3_distinct_incoming_roads,628
gt3_distinct_connecting_roads,756
gt3_distinct_roads_total,1384
