fixture_id,osm_id,source,road_id,s,t,hdg_deg,orientation,position,context,cornerLocal
crosswalk_1310466537,1310466537,REAL,40083,468.786,-4.4,348.2,E,SIDE,STRAIGHT,"[[0.720945, -3.640572, 0.0], [0.024023, 0.298248, 0.0], [-9.849903, -1.44881, 0.0], [-9.152982, -5.38763, 0.0], [0.720945, -3.640572, 0.0]]"
crosswalk_1304137983,1304137983,REAL,40448,2.658,-4.4,199.92,W,SIDE,STRAIGHT,"[[1.855361, -0.438818, 0.0], [-1.87767, 0.998012, 0.0], [-4.937843, -6.95263, 0.0], [-1.204813, -8.38946, 0.0], [1.855361, -0.438818, 0.0]]"
crosswalk_1304137990,1304137990,REAL,42000,41.961,-4.4,113.73,N,SIDE,STRAIGHT,"[[6.607517, -4.950722, 0.0], [8.867221, -1.650156, 0.0], [1.859936, 3.147323, 0.0], [-0.399769, -0.153242, 0.0], [6.607517, -4.950722, 0.0]]"
crosswalk_1304138002,1304138002,REAL,42010,163.775,-4.4,335.71,E,SIDE,STRAIGHT,"[[-0.020891, -3.119272, 0.0], [3.362016, -0.984807, 0.0], [-3.143088, 9.325109, 0.0], [-6.525995, 7.190643, 0.0], [-0.020891, -3.119272, 0.0]]"
crosswalk_710645369,710645369,REAL,42870,62.037,-7.4,50.76,N,SIDE,STRAIGHT,"[[-1.053685, 1.704207, 0.0], [1.670735, -1.224537, 0.0], [14.193009, 10.424118, 0.0], [11.46859, 13.352862, 0.0], [-1.053685, 1.704207, 0.0]]"
crosswalk_1251945025,1251945025,REAL,43768,76.877,-4.4,259.56,S,SIDE,STRAIGHT,"[[1.761266, 0.070594, 0.0], [-2.238437, 0.021913, 0.0], [-1.952603, -23.462914, 0.0], [2.0471, -23.414233, 0.0], [1.761266, 0.070594, 0.0]]"
crosswalk_397807429,397807429,REAL,43848,46.32,-4.4,168.74,W,SIDE,STRAIGHT,"[[0.143616, -9.683847, 0.0], [4.134388, -9.955398, 0.0], [5.125068, 4.603849, 0.0], [1.134296, 4.8754, 0.0], [0.143616, -9.683847, 0.0]]"
crosswalk_815412609,815412609,REAL,43964,78.509,-13.4,34.21,E,SIDE,STRAIGHT,"[[-0.747343, 2.435208, 0.0], [2.789815, 0.567452, 0.0], [14.013055, 21.822029, 0.0], [10.475897, 23.689785, 0.0], [-0.747343, 2.435208, 0.0]]"
crosswalk_1251945016,1251945016,REAL,44260,112.842,-4.4,299.67,S,SIDE,STRAIGHT,"[[-7.460446, 6.566261, 0.0], [-9.398789, 3.067286, 0.0], [-0.651788, -1.77833, 0.0], [1.286555, 1.720645, 0.0], [-7.460446, 6.566261, 0.0]]"
crosswalk_885891572,885891572,REAL,44521,5.213,-7.4,304.08,S,SIDE,STRAIGHT,"[[4.008344, -4.976365, 0.0], [6.31755, -1.71024, 0.0], [-3.304844, 5.092955, 0.0], [-5.61405, 1.82683, 0.0], [4.008344, -4.976365, 0.0]]"
crosswalk_1210272943,1210272943,REAL,44575,10.081,-4.4,136.48,W,SIDE,STRAIGHT,"[[3.828709, -7.026467, 0.0], [6.92426, -4.493176, 0.0], [-0.76576, 4.903636, 0.0], [-3.861312, 2.370346, 0.0], [3.828709, -7.026467, 0.0]]"
crosswalk_815412599,815412599,REAL,44605,25.205,-7.4,100.9,N,SIDE,STRAIGHT,"[[7.208972, 0.596432, 0.0], [7.32292, -3.401945, 0.0], [16.086505, -3.152194, 0.0], [15.972556, 0.846182, 0.0], [7.208972, 0.596432, 0.0]]"
crosswalk_1272842061,1272842061,REAL,44662,87.226,-13.4,77.01,N,SIDE,STRAIGHT,"[[3.057382, 3.155112, 0.0], [3.761934, -0.78235, 0.0], [17.060021, 1.597152, 0.0], [16.355469, 5.534613, 0.0], [3.057382, 3.155112, 0.0]]"
crosswalk_1189565564,1189565564,REAL,44670,7.435,-7.4,76.83,N,SIDE,STRAIGHT,"[[7.351632, -0.32532, 0.0], [6.733449, 3.626623, 0.0], [-8.887795, 1.183067, 0.0], [-8.269612, -2.768875, 0.0], [7.351632, -0.32532, 0.0]]"
crosswalk_888409635,888409635,REAL,44675,59.75,-10.4,64.69,N,SIDE,STRAIGHT,"[[0.035636, 2.014764, 0.0], [1.172473, -1.820285, 0.0], [26.740781, 5.759015, 0.0], [25.603944, 9.594065, 0.0], [0.035636, 2.014764, 0.0]]"
crosswalk_1050386657,1050386657,REAL,45439,6.121,-7.4,185.42,W,SIDE,STRAIGHT,"[[-3.462601, -18.924127, 0.0], [0.537398, -18.92213, 0.0], [0.527583, 0.738597, 0.0], [-3.472416, 0.7366, 0.0], [-3.462601, -18.924127, 0.0]]"
crosswalk_1304138004,1304138004,REAL,46875,61.895,-4.4,342.58,E,SIDE,STRAIGHT,"[[-1.52772, 10.215468, 0.0], [-5.386435, 9.161753, 0.0], [-2.504502, -1.391918, 0.0], [1.354213, -0.338203, 0.0], [-1.52772, 10.215468, 0.0]]"
crosswalk_1311357354,1311357354,REAL,46967,76.508,-4.4,284.6,S,SIDE,STRAIGHT,"[[-12.024365, 5.205969, 0.0], [-12.974096, 1.320354, 0.0], [-2.0735, -1.343997, 0.0], [-1.123769, 2.541619, 0.0], [-12.024365, 5.205969, 0.0]]"
crosswalk_1302300635,1302300635,REAL,48122,13.682,-10.4,139.4,W,SIDE,STRAIGHT,"[[5.685282, -9.303306, 0.0], [9.269302, -7.527129, 0.0], [4.934609, 1.219538, 0.0], [1.35059, -0.556638, 0.0], [5.685282, -9.303306, 0.0]]"
crosswalk_1310466524,1310466524,REAL,48282,578.013,-4.4,110.87,N,SIDE,STRAIGHT,"[[-0.177371, -0.276083, 0.0], [-3.660352, 1.690854, 0.0], [-8.903637, -7.593768, 0.0], [-5.420656, -9.560705, 0.0], [-0.177371, -0.276083, 0.0]]"
crosswalk_1310466528,1310466528,REAL,48282,498.941,-4.4,194.87,W,SIDE,STRAIGHT,"[[-4.067396, -7.531115, 0.0], [-0.251748, -8.731462, 0.0], [2.618649, 0.392918, 0.0], [-1.196999, 1.593265, 0.0], [-4.067396, -7.531115, 0.0]]"
crosswalk_1043366193,1043366193,REAL,48986,128.152,-10.4,308.78,S,SIDE,STRAIGHT,"[[-6.919747, 7.949078, 0.0], [-9.893772, 5.274161, 0.0], [-4.55116, -0.665859, 0.0], [-1.577136, 2.009057, 0.0], [-6.919747, 7.949078, 0.0]]"
crosswalk_822603353,822603353,REAL,49126,30.939,-4.4,335.82,E,SIDE,STRAIGHT,"[[-3.877551, 13.454847, 0.0], [-7.595863, 11.980345, 0.0], [-1.861115, -2.481209, 0.0], [1.857198, -1.006707, 0.0], [-3.877551, 13.454847, 0.0]]"
crosswalk_1189564736,1189564736,REAL,49206,12.099,-4.4,125.08,N,SIDE,STRAIGHT,"[[11.568232, -10.569153, 0.0], [13.646365, -7.151352, 0.0], [4.742084, -1.737264, 0.0], [2.663951, -5.155065, 0.0], [11.568232, -10.569153, 0.0]]"
crosswalk_865774606,865774606,REAL,49212,0.76,-4.4,93.11,N,SIDE,STRAIGHT,"[[-2.948811, 2.001348, 0.0], [-3.842808, -1.897468, 0.0], [10.296089, -5.139511, 0.0], [11.190086, -1.240695, 0.0], [-2.948811, 2.001348, 0.0]]"
crosswalk_1189564732,1189564732,REAL,49216,0.999,-4.4,288.27,S,SIDE,STRAIGHT,"[[5.310684, -3.655896, 0.0], [7.50879, -0.313991, 0.0], [-7.556568, 9.595104, 0.0], [-9.754674, 6.253199, 0.0], [5.310684, -3.655896, 0.0]]"
crosswalk_816754722,816754722,REAL,49331,103.242,-7.4,163.58,W,SIDE,STRAIGHT,"[[1.851993, 1.115789, 0.0], [-2.086194, 0.415302, 0.0], [3.143363, -28.98562, 0.0], [7.08155, -28.285132, 0.0], [1.851993, 1.115789, 0.0]]"
crosswalk_891546830,891546830,REAL,49378,21.129,-4.4,333.7,E,SIDE,STRAIGHT,"[[-1.326383, -1.670918, 0.0], [2.202016, 0.213331, 0.0], [0.245477, 3.877099, 0.0], [-3.282923, 1.992849, 0.0], [-1.326383, -1.670918, 0.0]]"
crosswalk_1065435249,1065435249,REAL,49379,19.036,-4.4,333.7,E,SIDE,STRAIGHT,"[[0.260649, 4.105647, 0.0], [-3.313459, 2.309608, 0.0], [-1.659742, -0.981278, 0.0], [1.914365, 0.814761, 0.0], [0.260649, 4.105647, 0.0]]"
crosswalk_833624970,833624970,REAL,49395,51.933,-7.4,280.3,S,SIDE,STRAIGHT,"[[-16.314427, 4.976584, 0.0], [-17.590409, 1.185559, 0.0], [-2.988216, -3.729239, 0.0], [-1.712234, 0.061787, 0.0], [-16.314427, 4.976584, 0.0]]"
crosswalk_1302300634,1302300634,REAL,49409,99.604,-7.4,130.12,N,SIDE,STRAIGHT,"[[-3.17149, 5.273033, 0.0], [-5.384852, 1.941212, 0.0], [4.280828, -4.479795, 0.0], [6.49419, -1.147974, 0.0], [-3.17149, 5.273033, 0.0]]"
crosswalk_833624971,833624971,REAL,49574,93.581,-7.4,277.95,S,SIDE,STRAIGHT,"[[-0.429699, -1.853334, 0.0], [0.418478, 2.055706, 0.0], [-16.41975, 5.709239, 0.0], [-17.267927, 1.800199, 0.0], [-0.429699, -1.853334, 0.0]]"
crosswalk_1288620300,1288620300,REAL,49907,3.745,-4.4,289.13,S,SIDE,STRAIGHT,"[[-9.933386, 5.507273, 0.0], [-11.112681, 1.685066, 0.0], [3.427765, -2.801211, 0.0], [4.60706, 1.020996, 0.0], [-9.933386, 5.507273, 0.0]]"
crosswalk_1193072819,1193072819,REAL,50691,13.882,-4.4,194.93,W,SIDE,STRAIGHT,"[[-2.353253, -7.589596, 0.0], [1.272739, -9.278437, 0.0], [4.528925, -2.287309, 0.0], [0.902933, -0.598468, 0.0], [-2.353253, -7.589596, 0.0]]"
crosswalk_1193072820,1193072820,REAL,50693,28.664,-4.4,196.48,W,SIDE,STRAIGHT,"[[-2.329799, -8.015221, 0.0], [-5.880479, -6.1733, 0.0], [-6.945291, -8.225945, 0.0], [-3.394611, -10.067866, 0.0], [-2.329799, -8.015221, 0.0]]"
crosswalk_1418867010,1418867010,REAL,55286,0.0,-3.0,266.55,S,SIDE,STRAIGHT,"[[-6.431571, 0.016664, 0.0], [-4.325077, -3.383731, 0.0], [10.284144, 5.666463, 0.0], [8.17765, 9.066858, 0.0], [-6.431571, 0.016664, 0.0]]"
crosswalk_1304137981,1304137981,REAL,60931,3.548,-3.0,181.7,W,SIDE,STRAIGHT,"[[2.596069, -6.63428, 0.0], [-0.677497, -4.335636, 0.0], [-8.945031, -16.10967, 0.0], [-5.671466, -18.408315, 0.0], [2.596069, -6.63428, 0.0]]"
crosswalk_1304137980,1304137980,REAL,60943,0.0,-3.0,15.13,E,SIDE,STRAIGHT,"[[0.878118, 2.695486, 0.0], [-3.004627, 1.734088, 0.0], [-0.242638, -9.420614, 0.0], [3.640107, -8.459216, 0.0], [0.878118, 2.695486, 0.0]]"
crosswalk_1304137985,1304137985,REAL,60946,2.25,-3.0,288.55,S,SIDE,STRAIGHT,"[[-5.048204, 2.513632, 0.0], [-4.203362, -1.39613, 0.0], [5.947006, 0.797214, 0.0], [5.102164, 4.706977, 0.0], [-5.048204, 2.513632, 0.0]]"
crosswalk_1304137994,1304137994,REAL,60981,3.273,-3.0,293.71,S,SIDE,STRAIGHT,"[[-4.569485, 2.843884, 0.0], [-4.305697, -1.147409, 0.0], [5.409142, -0.505345, 0.0], [5.145353, 3.485947, 0.0], [-4.569485, 2.843884, 0.0]]"
crosswalk_1304137995,1304137995,REAL,60985,13.019,-3.0,8.02,E,SIDE,STRAIGHT,"[[2.593502, 0.861924, 0.0], [-0.077714, 3.839273, 0.0], [-5.451278, -0.981778, 0.0], [-2.780062, -3.959126, 0.0], [2.593502, 0.861924, 0.0]]"
crosswalk_1304137993,1304137993,REAL,60989,13.32,-3.0,284.25,S,SIDE,STRAIGHT,"[[-2.654119, 3.424067, 0.0], [-6.130552, 1.445579, 0.0], [-1.263693, -7.106056, 0.0], [2.21274, -5.127568, 0.0], [-2.654119, 3.424067, 0.0]]"
crosswalk_1304137992,1304137992,REAL,60993,4.33,-3.0,13.92,E,SIDE,STRAIGHT,"[[1.392993, 4.415477, 0.0], [-1.881333, 2.117916, 0.0], [2.672175, -4.371433, 0.0], [5.946502, -2.073872, 0.0], [1.392993, 4.415477, 0.0]]"
crosswalk_1304137986,1304137986,REAL,61007,5.219,-3.0,105.02,N,SIDE,STRAIGHT,"[[5.554743, -1.781151, 0.0], [3.205452, 1.45626, 0.0], [-5.189853, -4.635958, 0.0], [-2.840562, -7.873369, 0.0], [5.554743, -1.781151, 0.0]]"
crosswalk_1311357356,1311357356,REAL,61403,16.478,-3.0,125.54,N,SIDE,STRAIGHT,"[[1.225003, -3.497491, 0.0], [5.069881, -2.394353, 0.0], [2.055198, 8.113033, 0.0], [-1.78968, 7.009895, 0.0], [1.225003, -3.497491, 0.0]]"
crosswalk_1311357358,1311357358,REAL,61411,3.903,-3.0,124.96,N,SIDE,STRAIGHT,"[[4.088752, -3.401399, 0.0], [3.764858, 0.585466, 0.0], [-6.025951, -0.20994, 0.0], [-5.702058, -4.196805, 0.0], [4.088752, -3.401399, 0.0]]"
crosswalk_1182767736,1182767736,REAL,61451,0.917,-4.4,279.96,S,SIDE,STRAIGHT,"[[-8.973238, 1.127742, 0.0], [-4.973912, 1.054333, 0.0], [-4.694905, 16.254626, 0.0], [-8.694231, 16.328035, 0.0], [-8.973238, 1.127742, 0.0]]"
crosswalk_1304137978,1304137978,REAL,65277,13.61,-3.0,108.58,N,SIDE,STRAIGHT,"[[1.867046, -3.455715, 0.0], [5.276813, -1.364426, 0.0], [0.394986, 6.595205, 0.0], [-3.014781, 4.503915, 0.0], [1.867046, -3.455715, 0.0]]"
crosswalk_1231643354,1231643354,REAL,65291,13.431,-3.0,32.31,E,SIDE,STRAIGHT,"[[6.073583, 3.757952, 0.0], [4.965562, 7.601425, 0.0], [-8.059795, 3.846391, 0.0], [-6.951774, 0.002918, 0.0], [6.073583, 3.757952, 0.0]]"
crosswalk_1042219118,1042219118,REAL,65295,0.0,-3.0,123.76,N,SIDE,STRAIGHT,"[[2.381548, -3.338355, 0.0], [2.873059, 0.631332, 0.0], [-10.330096, 2.266094, 0.0], [-10.821607, -1.703593, 0.0], [2.381548, -3.338355, 0.0]]"
crosswalk_1231643352,1231643352,REAL,65299,1.978,-3.0,32.95,E,SIDE,STRAIGHT,"[[2.824393, 2.667964, 0.0], [-1.174523, 2.574859, 0.0], [-0.985599, -5.539541, 0.0], [3.013318, -5.446435, 0.0], [2.824393, 2.667964, 0.0]]"
crosswalk_815412596,815412596,REAL,67417,1.823,-7.4,102.56,N,SIDE,STRAIGHT,"[[16.001105, -2.4401, 0.0], [14.653785, 1.326162, 0.0], [1.918715, -3.229605, 0.0], [3.266035, -6.995867, 0.0], [16.001105, -2.4401, 0.0]]"
crosswalk_1189564740,1189564740,REAL,68709,8.426,-4.4,263.51,S,SIDE,STRAIGHT,"[[-1.848997, -1.037292, 0.0], [-0.416311, 2.697331, 0.0], [-8.501704, 5.799069, 0.0], [-9.934389, 2.064446, 0.0], [-1.848997, -1.037292, 0.0]]"
crosswalk_865774610,865774610,REAL,68726,5.361,-4.4,7.56,E,SIDE,STRAIGHT,"[[5.517196, -3.401804, 0.0], [7.657777, -0.022764, 0.0], [-4.212136, 7.496684, 0.0], [-6.352717, 4.117644, 0.0], [5.517196, -3.401804, 0.0]]"
crosswalk_816754721,816754721,REAL,68861,0.0,-4.4,69.44,N,SIDE,STRAIGHT,"[[-16.849842, -1.420328, 0.0], [-15.925915, -5.31216, 0.0], [12.604959, 1.461113, 0.0], [11.681032, 5.352946, 0.0], [-16.849842, -1.420328, 0.0]]"
crosswalk_1183958178,1183958178,REAL,69222,14.158,-3.0,281.56,S,SIDE,STRAIGHT,"[[-2.078458, 3.032243, 0.0], [-5.284653, 0.640526, 0.0], [-0.684463, -5.526217, 0.0], [2.521732, -3.134499, 0.0], [-2.078458, 3.032243, 0.0]]"
crosswalk_857631237,857631237,REAL,69387,21.813,-4.4,315.54,E,SIDE,STRAIGHT,"[[-5.310684, 8.497202, 0.0], [-8.024268, 5.558416, 0.0], [-0.277476, -1.594729, 0.0], [2.436107, 1.344057, 0.0], [-5.310684, 8.497202, 0.0]]"
crosswalk_1272842063,1272842063,REAL,69819,7.8,-6.0,344.13,E,SIDE,STRAIGHT,"[[-3.331319, 7.117166, 0.0], [-6.935806, 5.382903, 0.0], [1.413099, -11.969434, 0.0], [5.017586, -10.235171, 0.0], [-3.331319, 7.117166, 0.0]]"
crosswalk_333438883,333438883,REAL,69845,0.0,-4.4,339.66,E,SIDE,STRAIGHT,"[[-5.458202, 10.507136, 0.0], [-6.281155, 6.592708, 0.0], [25.594418, -0.108678, 0.0], [26.417371, 3.80575, 0.0], [-5.458202, 10.507136, 0.0]]"
crosswalk_822603362,822603362,REAL,69980,14.983,-3.0,155.5,W,SIDE,STRAIGHT,"[[-1.010406, -4.129211, 0.0], [2.89619, -4.988579, 0.0], [6.131943, 9.720807, 0.0], [2.225348, 10.580175, 0.0], [-1.010406, -4.129211, 0.0]]"
crosswalk_822603365,822603365,REAL,69986,17.703,-3.0,333.59,E,SIDE,STRAIGHT,"[[3.1442, 5.898693, 0.0], [-0.855573, 5.941334, 0.0], [-1.006022, -8.170875, 0.0], [2.993751, -8.213516, 0.0], [3.1442, 5.898693, 0.0]]"
crosswalk_317613600,317613600,REAL,70382,25.536,-4.4,205.65,W,SIDE,STRAIGHT,"[[-16.083333, -12.534776, 0.0], [-12.152415, -13.27497, 0.0], [-6.555022, 16.450912, 0.0], [-10.48594, 17.191105, 0.0], [-16.083333, -12.534776, 0.0]]"
crosswalk_814692001,814692001,REAL,70390,0.0,-4.4,300.81,S,SIDE,STRAIGHT,"[[-2.430403, -0.901755, 0.0], [-0.007126, 2.280654, 0.0], [-8.054118, 8.408114, 0.0], [-10.477395, 5.225705, 0.0], [-2.430403, -0.901755, 0.0]]"
crosswalk_317613599,317613599,REAL,70396,18.903,-3.0,295.6,S,SIDE,STRAIGHT,"[[2.078939, -1.276378, 0.0], [5.874899, -2.537603, 0.0], [13.614704, 20.757206, 0.0], [9.818744, 22.01843, 0.0], [2.078939, -1.276378, 0.0]]"
crosswalk_1311357360,1311357360,REAL,71740,17.703,-3.0,199.57,W,SIDE,STRAIGHT,"[[-2.584704, -0.195568, 0.0], [0.253819, -3.013863, 0.0], [7.604352, 4.389426, 0.0], [4.76583, 7.207722, 0.0], [-2.584704, -0.195568, 0.0]]"
crosswalk_833624972,833624972,REAL,72479,0.0,-4.4,183.13,W,SIDE,STRAIGHT,"[[-0.768314, -9.697765, 0.0], [-0.214061, -5.736351, 0.0], [-20.672082, -2.874007, 0.0], [-21.226336, -6.835422, 0.0], [-0.768314, -9.697765, 0.0]]"
SYNTH_01,,SYNTHETIC,synth_road,0.0,0.0,0.0,E,CENTER,ROUNDABOUT,"[[0.0, -2.0, 0.0], [3.5, -2.0, 0.0], [3.5, 2.0, 0.0], [0.0, 2.0, 0.0], [0.0, -2.0, 0.0]]"
SYNTH_02,,SYNTHETIC,synth_road,0.0,0.0,0.0,E,CENTER,JUNCTION,"[[0.0, -2.0, 0.0], [3.5, -2.0, 0.0], [3.5, 2.0, 0.0], [0.0, 2.0, 0.0], [0.0, -2.0, 0.0]]"
SYNTH_03,,SYNTHETIC,synth_road,0.0,0.0,0.0,E,CENTER,STRAIGHT,"[[0.0, -2.0, 0.0], [3.5, -2.0, 0.0], [3.5, 2.0, 0.0], [0.0, 2.0, 0.0], [0.0, -2.0, 0.0]]"
