path,classification
.githooks/post-checkout,IDE/TOOLING
.githooks/post-commit,IDE/TOOLING
.githooks/post-merge,IDE/TOOLING
.githooks/pre-push,IDE/TOOLING
.idea/dataSources.local.xml,IDE/TOOLING
.idea/shelf/Uncommitted_changes_before_Checkout_at_14_03_2026_19_32_[Changes]/shelved.patch,IDE/TOOLING
.idea/shelf/Uncommitted_changes_before_Checkout_at_14_03_2026_19_32__Changes_.xml,IDE/TOOLING
.idea/shelf/Uncommitted_changes_before_Merge_at_14_03_2026_19_30_[Changes]/shelved.patch,IDE/TOOLING
.idea/shelf/Uncommitted_changes_before_Merge_at_14_03_2026_19_30__Changes_.xml,IDE/TOOLING
.idea/shelf/Uncommitted_changes_before_Update_at_14_03_2026_19_34_[Changes]/shelved.patch,IDE/TOOLING
.idea/shelf/Uncommitted_changes_before_Update_at_14_03_2026_19_34__Changes_.xml,IDE/TOOLING
.idea/workspace.xml,IDE/TOOLING
POST_AUDIT_HARDENING_PROMPT.md,LEGACY/STRAY
_a0_gather.py,UNCLASSIFIED
_p1_repair_audit.py,STAGING/UTIL
_p4_runtime_evidence.json,STAGING/UTIL
_run_p4_equiv.py,UNCLASSIFIED
_stage1_inventory.json,STAGING/UTIL
_stage1_inventory.py,STAGING/UTIL
_stage1b_check_geoms.py,STAGING/UTIL
_stage5_repair.py,STAGING/UTIL
_stage5_repair_report.json,STAGING/UTIL
_stage7_acceptance.py,STAGING/UTIL
_stage7_gate_check.py,STAGING/UTIL
_verify_native.py,UNCLASSIFIED
_verify_repair.py,UNCLASSIFIED
_write_p4_evidence.py,STAGING/UTIL
audit_output.zip,DEBUG/OUTPUT
audit_output/00_EXECUTIVE_SUMMARY.md,UNCLASSIFIED
audit_output/01_REPOSITORY_IDENTITY.md,UNCLASSIFIED
audit_output/02_REQUIREMENT_INVENTORY.json,UNCLASSIFIED
audit_output/03_AUDIT_PLAN.json,UNCLASSIFIED
audit_output/04_REQUIREMENT_RESULTS.jsonl,UNCLASSIFIED
audit_output/05_REQUIREMENT_RESULTS.csv,UNCLASSIFIED
audit_output/06_COVERAGE_REPORT.json,UNCLASSIFIED
audit_output/07_BLOCKING_ISSUES.md,UNCLASSIFIED
audit_output/08_CONTRADICTIONS.md,UNCLASSIFIED
audit_output/09_TEST_QUALITY.md,UNCLASSIFIED
audit_output/10_PROFILE_RELEASE_MATRIX.md,UNCLASSIFIED
audit_output/11_UNVERIFIED_CLAIMS.md,UNCLASSIFIED
audit_output/12_NEXT_ACTIONS.md,UNCLASSIFIED
audit_output/EVIDENCE_MANIFEST.json,UNCLASSIFIED
audit_output/audit_plan.json,UNCLASSIFIED
audit_output/phase6_reviewer_B.json,UNCLASSIFIED
audit_output/pipeline_quality_audit.md,UNCLASSIFIED
audit_output/raport.md,UNCLASSIFIED
audit_output/requirement_inventory.csv,UNCLASSIFIED
audit_output/requirement_inventory.json,UNCLASSIFIED
audit_output/requirement_inventory_raw.txt,UNCLASSIFIED
audit_output/worker_shards/SHARD-01_worker_A.json,UNCLASSIFIED
audit_output/worker_shards/SHARD-03_04_worker_A.json,UNCLASSIFIED
audit_output/worker_shards/SHARD-05_worker_A.json,UNCLASSIFIED
audit_output/worker_shards/SHARD-06_worker_A.json,UNCLASSIFIED
audit_output/worker_shards/SHARD-07_worker_A.json,UNCLASSIFIED
audit_output/worker_shards/SHARD-08_worker_A.json,UNCLASSIFIED
audit_output/worker_shards/SHARD-09_worker_A.json,UNCLASSIFIED
audit_output/worker_shards/SHARD-10_worker_A.json,UNCLASSIFIED
audit_output/worker_shards/SHARD-11_worker_A.json,UNCLASSIFIED
audit_output/worker_shards/SHARD-12_worker_A.json,UNCLASSIFIED
audit_output/worker_shards/SHARD-13_worker_A.json,UNCLASSIFIED
audit_output/worker_shards/SHARD-14_worker_A.json,UNCLASSIFIED
carla_governed/OSM2World-latest-bin/OSM2World.jar,UNCLASSIFIED
carla_governed/artifacts/final_runs/scenario_b_audit/evidence/generated_smoke/_normalized_input.xodr,UNCLASSIFIED
carla_governed/artifacts/final_runs/scenario_b_audit/evidence/generated_smoke/camera_front.png,UNCLASSIFIED
carla_governed/artifacts/final_runs/scenario_b_audit/evidence/generated_smoke/carla_screenshot_once_stderr.txt,UNCLASSIFIED
carla_governed/artifacts/final_runs/scenario_b_audit/evidence/generated_smoke/carla_screenshot_once_stdout.txt,UNCLASSIFIED
carla_governed/artifacts/final_runs/scenario_b_audit/evidence/generated_smoke/carla_status.json,UNCLASSIFIED
carla_governed/artifacts/final_runs/scenario_b_audit/evidence/generated_smoke/ego_spawn.png,UNCLASSIFIED
carla_governed/artifacts/final_runs/scenario_b_audit/evidence/generated_smoke/forward_alignment_diagnostics.json,UNCLASSIFIED
carla_governed/artifacts/final_runs/scenario_b_audit/evidence/generated_smoke/lidar_bev.png,UNCLASSIFIED
carla_governed/artifacts/final_runs/scenario_b_audit/evidence/generated_smoke/lidar_on_rgb_overlay.png,UNCLASSIFIED
carla_governed/artifacts/final_runs/scenario_b_audit/evidence/generated_smoke/objects_placed.json,UNCLASSIFIED
carla_governed/artifacts/final_runs/scenario_b_audit/evidence/generated_smoke/objects_placed.png,UNCLASSIFIED
carla_governed/artifacts/final_runs/scenario_b_audit/evidence/generated_smoke/pair_manifest.json,UNCLASSIFIED
carla_governed/artifacts/final_runs/scenario_b_audit/evidence/generated_smoke/perception_status.json,UNCLASSIFIED
carla_governed/artifacts/final_runs/scenario_b_audit/evidence/generated_smoke/qa_spawn_report.json,UNCLASSIFIED
carla_governed/artifacts/final_runs/scenario_b_audit/evidence/generated_smoke/real_u_proxy_metrics.json,UNCLASSIFIED
carla_governed/artifacts/final_runs/scenario_b_audit/evidence/generated_smoke/record_route_stderr.txt,UNCLASSIFIED
carla_governed/artifacts/final_runs/scenario_b_audit/evidence/generated_smoke/record_route_stdout.txt,UNCLASSIFIED
carla_governed/artifacts/final_runs/scenario_b_audit/evidence/generated_smoke/recorder_manifest.json,UNCLASSIFIED
carla_governed/artifacts/final_runs/scenario_b_audit/evidence/generated_smoke/recording/ego_spawn.json,UNCLASSIFIED
carla_governed/artifacts/final_runs/scenario_b_audit/evidence/generated_smoke/recording/lidar/middle_lidar/00116246.ply,UNCLASSIFIED
carla_governed/artifacts/final_runs/scenario_b_audit/evidence/generated_smoke/recording/lidar/middle_lidar/00116247.ply,UNCLASSIFIED
carla_governed/artifacts/final_runs/scenario_b_audit/evidence/generated_smoke/recording/lidar/middle_lidar/00116248.ply,UNCLASSIFIED
carla_governed/artifacts/final_runs/scenario_b_audit/evidence/generated_smoke/recording/lidar/middle_lidar/00116249.ply,UNCLASSIFIED
carla_governed/artifacts/final_runs/scenario_b_audit/evidence/generated_smoke/recording/lidar/middle_lidar/00116250.ply,UNCLASSIFIED
carla_governed/artifacts/final_runs/scenario_b_audit/evidence/generated_smoke/recording/lidar/middle_lidar_old/00116246.ply,UNCLASSIFIED
carla_governed/artifacts/final_runs/scenario_b_audit/evidence/generated_smoke/recording/lidar/middle_lidar_old/00116247.ply,UNCLASSIFIED
carla_governed/artifacts/final_runs/scenario_b_audit/evidence/generated_smoke/recording/lidar/middle_lidar_old/00116248.ply,UNCLASSIFIED
carla_governed/artifacts/final_runs/scenario_b_audit/evidence/generated_smoke/recording/lidar/middle_lidar_old/00116249.ply,UNCLASSIFIED
carla_governed/artifacts/final_runs/scenario_b_audit/evidence/generated_smoke/recording/lidar/middle_lidar_old/00116250.ply,UNCLASSIFIED
carla_governed/artifacts/final_runs/scenario_b_audit/evidence/generated_smoke/recording/meta/world_snapshots.jsonl,UNCLASSIFIED
carla_governed/artifacts/final_runs/scenario_b_audit/evidence/generated_smoke/recording/recorder_manifest.json,UNCLASSIFIED
carla_governed/artifacts/final_runs/scenario_b_audit/evidence/generated_smoke/recording/rgb/back_left_camera/00116246.png,UNCLASSIFIED
carla_governed/artifacts/final_runs/scenario_b_audit/evidence/generated_smoke/recording/rgb/back_left_camera/00116247.png,UNCLASSIFIED
carla_governed/artifacts/final_runs/scenario_b_audit/evidence/generated_smoke/recording/rgb/back_left_camera/00116248.png,UNCLASSIFIED
carla_governed/artifacts/final_runs/scenario_b_audit/evidence/generated_smoke/recording/rgb/back_right_camera/00116246.png,UNCLASSIFIED
carla_governed/artifacts/final_runs/scenario_b_audit/evidence/generated_smoke/recording/rgb/back_right_camera/00116247.png,UNCLASSIFIED
carla_governed/artifacts/final_runs/scenario_b_audit/evidence/generated_smoke/recording/rgb/back_right_camera/00116248.png,UNCLASSIFIED
carla_governed/artifacts/final_runs/scenario_b_audit/evidence/generated_smoke/recording/rgb/front_left_camera/00116246.png,UNCLASSIFIED
carla_governed/artifacts/final_runs/scenario_b_audit/evidence/generated_smoke/recording/rgb/front_left_camera/00116247.png,UNCLASSIFIED
carla_governed/artifacts/final_runs/scenario_b_audit/evidence/generated_smoke/recording/rgb/front_left_camera/00116248.png,UNCLASSIFIED
carla_governed/artifacts/final_runs/scenario_b_audit/evidence/generated_smoke/recording/rgb/front_right_camera/00116246.png,UNCLASSIFIED
carla_governed/artifacts/final_runs/scenario_b_audit/evidence/generated_smoke/recording/rgb/front_right_camera/00116247.png,UNCLASSIFIED
carla_governed/artifacts/final_runs/scenario_b_audit/evidence/generated_smoke/recording/rgb/front_right_camera/00116248.png,UNCLASSIFIED
carla_governed/artifacts/final_runs/scenario_b_audit/evidence/generated_smoke/recording/rgb/left_camera/00116246.png,UNCLASSIFIED
carla_governed/artifacts/final_runs/scenario_b_audit/evidence/generated_smoke/recording/rgb/left_camera/00116247.png,UNCLASSIFIED
carla_governed/artifacts/final_runs/scenario_b_audit/evidence/generated_smoke/recording/rgb/right_camera/00116246.png,UNCLASSIFIED
carla_governed/artifacts/final_runs/scenario_b_audit/evidence/generated_smoke/recording/rgb/right_camera/00116247.png,UNCLASSIFIED
carla_governed/artifacts/final_runs/scenario_b_audit/evidence/generated_smoke/recording/rgb/right_camera/00116248.png,UNCLASSIFIED
carla_governed/artifacts/final_runs/scenario_b_audit/evidence/generated_smoke/recording/rig_validation.json,UNCLASSIFIED
carla_governed/artifacts/final_runs/scenario_b_audit/evidence/generated_smoke/recording/run_info.json,UNCLASSIFIED
carla_governed/artifacts/final_runs/scenario_b_audit/evidence/generated_smoke/recording/semseg_raw/semseg_back_left_camera/00116246.png,UNCLASSIFIED
carla_governed/artifacts/final_runs/scenario_b_audit/evidence/generated_smoke/recording/semseg_raw/semseg_back_left_camera/00116247.png,UNCLASSIFIED
carla_governed/artifacts/final_runs/scenario_b_audit/evidence/generated_smoke/recording/semseg_raw/semseg_back_left_camera/00116248.png,UNCLASSIFIED
carla_governed/artifacts/final_runs/scenario_b_audit/evidence/generated_smoke/recording/semseg_raw/semseg_back_right_camera/00116246.png,UNCLASSIFIED
carla_governed/artifacts/final_runs/scenario_b_audit/evidence/generated_smoke/recording/semseg_raw/semseg_front_left_camera/00116246.png,UNCLASSIFIED
carla_governed/artifacts/final_runs/scenario_b_audit/evidence/generated_smoke/recording/semseg_raw/semseg_front_left_camera/00116247.png,UNCLASSIFIED
carla_governed/artifacts/final_runs/scenario_b_audit/evidence/generated_smoke/recording/semseg_raw/semseg_front_right_camera/00116246.png,UNCLASSIFIED
carla_governed/artifacts/final_runs/scenario_b_audit/evidence/generated_smoke/recording/semseg_raw/semseg_front_right_camera/00116247.png,UNCLASSIFIED
carla_governed/artifacts/final_runs/scenario_b_audit/evidence/generated_smoke/recording/semseg_raw/semseg_left_camera/00116246.png,UNCLASSIFIED
carla_governed/artifacts/final_runs/scenario_b_audit/evidence/generated_smoke/recording/semseg_raw/semseg_right_camera/00116246.png,UNCLASSIFIED
carla_governed/artifacts/final_runs/scenario_b_audit/evidence/generated_smoke/recording/semseg_raw/semseg_right_camera/00116247.png,UNCLASSIFIED
carla_governed/artifacts/final_runs/scenario_b_audit/evidence/generated_smoke/recording/sensor_rig_report.json,UNCLASSIFIED
carla_governed/artifacts/final_runs/scenario_b_audit/evidence/generated_smoke/recording/sensor_transforms.json,UNCLASSIFIED
carla_governed/artifacts/final_runs/scenario_b_audit/evidence/generated_smoke/recording/thesis_rig_report.json,UNCLASSIFIED
carla_governed/artifacts/final_runs/scenario_b_audit/evidence/generated_smoke/recording/tick_watchdog.json,UNCLASSIFIED
carla_governed/artifacts/final_runs/scenario_b_audit/evidence/generated_smoke/recording_summary.json,UNCLASSIFIED
carla_governed/artifacts/final_runs/scenario_b_audit/evidence/generated_smoke/rig_verification.json,UNCLASSIFIED
carla_governed/artifacts/final_runs/scenario_b_audit/evidence/generated_smoke/run_info.json,UNCLASSIFIED
carla_governed/artifacts/final_runs/scenario_b_audit/evidence/generated_smoke/scene_readiness_report.json,UNCLASSIFIED
carla_governed/artifacts/final_runs/scenario_b_audit/evidence/generated_smoke/screenshot_result.json,UNCLASSIFIED
carla_governed/artifacts/final_runs/scenario_b_audit/evidence/generated_smoke/screenshots/00116246.png,UNCLASSIFIED
carla_governed/artifacts/final_runs/scenario_b_audit/evidence/generated_smoke/screenshots/00116248.png,UNCLASSIFIED
carla_governed/artifacts/final_runs/scenario_b_audit/evidence/generated_smoke/screenshots/camera_front.png,UNCLASSIFIED
carla_governed/artifacts/final_runs/scenario_b_audit/evidence/generated_smoke/screenshots/lidar_bev.png,UNCLASSIFIED
carla_governed/artifacts/final_runs/scenario_b_audit/evidence/generated_smoke/sensor_rig_report.json,UNCLASSIFIED
carla_governed/artifacts/final_runs/scenario_b_audit/evidence/generated_smoke/spawn_sanity_objects_stderr.txt,UNCLASSIFIED
carla_governed/artifacts/final_runs/scenario_b_audit/evidence/generated_smoke/spawn_sanity_objects_stdout.txt,UNCLASSIFIED
carla_governed/artifacts/final_runs/scenario_b_audit/evidence/generated_smoke/write_integrity_status.json,UNCLASSIFIED
carla_governed/artifacts/final_runs/scenario_b_audit/evidence/generated_smoke_pre_semseg_fix_20260309_2058/_normalized_input.xodr,UNCLASSIFIED
carla_governed/artifacts/final_runs/scenario_b_audit/evidence/generated_smoke_pre_semseg_fix_20260309_2058/camera_front.png,UNCLASSIFIED
carla_governed/artifacts/final_runs/scenario_b_audit/evidence/generated_smoke_pre_semseg_fix_20260309_2058/carla_screenshot_once_stderr.txt,UNCLASSIFIED
carla_governed/artifacts/final_runs/scenario_b_audit/evidence/generated_smoke_pre_semseg_fix_20260309_2058/carla_screenshot_once_stdout.txt,UNCLASSIFIED
carla_governed/artifacts/final_runs/scenario_b_audit/evidence/generated_smoke_pre_semseg_fix_20260309_2058/carla_status.json,UNCLASSIFIED
carla_governed/artifacts/final_runs/scenario_b_audit/evidence/generated_smoke_pre_semseg_fix_20260309_2058/ego_spawn.png,UNCLASSIFIED
carla_governed/artifacts/final_runs/scenario_b_audit/evidence/generated_smoke_pre_semseg_fix_20260309_2058/forward_alignment_diagnostics.json,UNCLASSIFIED
carla_governed/artifacts/final_runs/scenario_b_audit/evidence/generated_smoke_pre_semseg_fix_20260309_2058/lidar_bev.png,UNCLASSIFIED
carla_governed/artifacts/final_runs/scenario_b_audit/evidence/generated_smoke_pre_semseg_fix_20260309_2058/lidar_on_rgb_overlay.png,UNCLASSIFIED
carla_governed/artifacts/final_runs/scenario_b_audit/evidence/generated_smoke_pre_semseg_fix_20260309_2058/objects_placed.json,UNCLASSIFIED
carla_governed/artifacts/final_runs/scenario_b_audit/evidence/generated_smoke_pre_semseg_fix_20260309_2058/objects_placed.png,UNCLASSIFIED
carla_governed/artifacts/final_runs/scenario_b_audit/evidence/generated_smoke_pre_semseg_fix_20260309_2058/pair_manifest.json,UNCLASSIFIED
carla_governed/artifacts/final_runs/scenario_b_audit/evidence/generated_smoke_pre_semseg_fix_20260309_2058/perception_status.json,UNCLASSIFIED
carla_governed/artifacts/final_runs/scenario_b_audit/evidence/generated_smoke_pre_semseg_fix_20260309_2058/qa_spawn_report.json,UNCLASSIFIED
carla_governed/artifacts/final_runs/scenario_b_audit/evidence/generated_smoke_pre_semseg_fix_20260309_2058/real_u_proxy_metrics.json,UNCLASSIFIED
carla_governed/artifacts/final_runs/scenario_b_audit/evidence/generated_smoke_pre_semseg_fix_20260309_2058/record_route_stderr.txt,UNCLASSIFIED
carla_governed/artifacts/final_runs/scenario_b_audit/evidence/generated_smoke_pre_semseg_fix_20260309_2058/record_route_stdout.txt,UNCLASSIFIED
carla_governed/artifacts/final_runs/scenario_b_audit/evidence/generated_smoke_pre_semseg_fix_20260309_2058/recorder_manifest.json,UNCLASSIFIED
carla_governed/artifacts/final_runs/scenario_b_audit/evidence/generated_smoke_pre_semseg_fix_20260309_2058/recording/capture_status.json,UNCLASSIFIED
carla_governed/artifacts/final_runs/scenario_b_audit/evidence/generated_smoke_pre_semseg_fix_20260309_2058/recording/ego_spawn.json,UNCLASSIFIED
carla_governed/artifacts/final_runs/scenario_b_audit/evidence/generated_smoke_pre_semseg_fix_20260309_2058/recording/lidar/middle_lidar/00116142.ply,UNCLASSIFIED
carla_governed/artifacts/final_runs/scenario_b_audit/evidence/generated_smoke_pre_semseg_fix_20260309_2058/recording/lidar/middle_lidar/00116143.ply,UNCLASSIFIED
carla_governed/artifacts/final_runs/scenario_b_audit/evidence/generated_smoke_pre_semseg_fix_20260309_2058/recording/lidar/middle_lidar/00116144.ply,UNCLASSIFIED
carla_governed/artifacts/final_runs/scenario_b_audit/evidence/generated_smoke_pre_semseg_fix_20260309_2058/recording/lidar/middle_lidar/00116145.ply,UNCLASSIFIED
carla_governed/artifacts/final_runs/scenario_b_audit/evidence/generated_smoke_pre_semseg_fix_20260309_2058/recording/lidar/middle_lidar/00116146.ply,UNCLASSIFIED
carla_governed/artifacts/final_runs/scenario_b_audit/evidence/generated_smoke_pre_semseg_fix_20260309_2058/recording/lidar/middle_lidar/00116147.ply,UNCLASSIFIED
carla_governed/artifacts/final_runs/scenario_b_audit/evidence/generated_smoke_pre_semseg_fix_20260309_2058/recording/lidar/middle_lidar/00116148.ply,UNCLASSIFIED
carla_governed/artifacts/final_runs/scenario_b_audit/evidence/generated_smoke_pre_semseg_fix_20260309_2058/recording/lidar/middle_lidar/00116206.ply,UNCLASSIFIED
carla_governed/artifacts/final_runs/scenario_b_audit/evidence/generated_smoke_pre_semseg_fix_20260309_2058/recording/lidar/middle_lidar/00116207.ply,UNCLASSIFIED
carla_governed/artifacts/final_runs/scenario_b_audit/evidence/generated_smoke_pre_semseg_fix_20260309_2058/recording/lidar/middle_lidar/00116208.ply,UNCLASSIFIED
carla_governed/artifacts/final_runs/scenario_b_audit/evidence/generated_smoke_pre_semseg_fix_20260309_2058/recording/lidar/middle_lidar/00116209.ply,UNCLASSIFIED
carla_governed/artifacts/final_runs/scenario_b_audit/evidence/generated_smoke_pre_semseg_fix_20260309_2058/recording/lidar/middle_lidar/00116210.ply,UNCLASSIFIED
carla_governed/artifacts/final_runs/scenario_b_audit/evidence/generated_smoke_pre_semseg_fix_20260309_2058/recording/lidar/middle_lidar/00116211.ply,UNCLASSIFIED
carla_governed/artifacts/final_runs/scenario_b_audit/evidence/generated_smoke_pre_semseg_fix_20260309_2058/recording/lidar/middle_lidar/00116212.ply,UNCLASSIFIED
carla_governed/artifacts/final_runs/scenario_b_audit/evidence/generated_smoke_pre_semseg_fix_20260309_2058/recording/lidar/middle_lidar_old/00116142.ply,UNCLASSIFIED
carla_governed/artifacts/final_runs/scenario_b_audit/evidence/generated_smoke_pre_semseg_fix_20260309_2058/recording/lidar/middle_lidar_old/00116143.ply,UNCLASSIFIED
carla_governed/artifacts/final_runs/scenario_b_audit/evidence/generated_smoke_pre_semseg_fix_20260309_2058/recording/lidar/middle_lidar_old/00116144.ply,UNCLASSIFIED
carla_governed/artifacts/final_runs/scenario_b_audit/evidence/generated_smoke_pre_semseg_fix_20260309_2058/recording/lidar/middle_lidar_old/00116145.ply,UNCLASSIFIED
carla_governed/artifacts/final_runs/scenario_b_audit/evidence/generated_smoke_pre_semseg_fix_20260309_2058/recording/lidar/middle_lidar_old/00116146.ply,UNCLASSIFIED
carla_governed/artifacts/final_runs/scenario_b_audit/evidence/generated_smoke_pre_semseg_fix_20260309_2058/recording/lidar/middle_lidar_old/00116147.ply,UNCLASSIFIED
carla_governed/artifacts/final_runs/scenario_b_audit/evidence/generated_smoke_pre_semseg_fix_20260309_2058/recording/lidar/middle_lidar_old/00116148.ply,UNCLASSIFIED
carla_governed/artifacts/final_runs/scenario_b_audit/evidence/generated_smoke_pre_semseg_fix_20260309_2058/recording/lidar/middle_lidar_old/00116206.ply,UNCLASSIFIED
carla_governed/artifacts/final_runs/scenario_b_audit/evidence/generated_smoke_pre_semseg_fix_20260309_2058/recording/lidar/middle_lidar_old/00116207.ply,UNCLASSIFIED
carla_governed/artifacts/final_runs/scenario_b_audit/evidence/generated_smoke_pre_semseg_fix_20260309_2058/recording/lidar/middle_lidar_old/00116208.ply,UNCLASSIFIED
carla_governed/artifacts/final_runs/scenario_b_audit/evidence/generated_smoke_pre_semseg_fix_20260309_2058/recording/lidar/middle_lidar_old/00116209.ply,UNCLASSIFIED
carla_governed/artifacts/final_runs/scenario_b_audit/evidence/generated_smoke_pre_semseg_fix_20260309_2058/recording/lidar/middle_lidar_old/00116210.ply,UNCLASSIFIED
carla_governed/artifacts/final_runs/scenario_b_audit/evidence/generated_smoke_pre_semseg_fix_20260309_2058/recording/lidar/middle_lidar_old/00116211.ply,UNCLASSIFIED
carla_governed/artifacts/final_runs/scenario_b_audit/evidence/generated_smoke_pre_semseg_fix_20260309_2058/recording/lidar/middle_lidar_old/00116212.ply,UNCLASSIFIED
carla_governed/artifacts/final_runs/scenario_b_audit/evidence/generated_smoke_pre_semseg_fix_20260309_2058/recording/meta/world_snapshots.jsonl,UNCLASSIFIED
carla_governed/artifacts/final_runs/scenario_b_audit/evidence/generated_smoke_pre_semseg_fix_20260309_2058/recording/recorder_manifest.json,UNCLASSIFIED
carla_governed/artifacts/final_runs/scenario_b_audit/evidence/generated_smoke_pre_semseg_fix_20260309_2058/recording/rgb/back_left_camera/00116142.png,UNCLASSIFIED
carla_governed/artifacts/final_runs/scenario_b_audit/evidence/generated_smoke_pre_semseg_fix_20260309_2058/recording/rgb/back_left_camera/00116143.png,UNCLASSIFIED
carla_governed/artifacts/final_runs/scenario_b_audit/evidence/generated_smoke_pre_semseg_fix_20260309_2058/recording/rgb/back_left_camera/00116144.png,UNCLASSIFIED
carla_governed/artifacts/final_runs/scenario_b_audit/evidence/generated_smoke_pre_semseg_fix_20260309_2058/recording/rgb/back_left_camera/00116145.png,UNCLASSIFIED
carla_governed/artifacts/final_runs/scenario_b_audit/evidence/generated_smoke_pre_semseg_fix_20260309_2058/recording/rgb/back_left_camera/00116206.png,UNCLASSIFIED
carla_governed/artifacts/final_runs/scenario_b_audit/evidence/generated_smoke_pre_semseg_fix_20260309_2058/recording/rgb/back_left_camera/00116207.png,UNCLASSIFIED
carla_governed/artifacts/final_runs/scenario_b_audit/evidence/generated_smoke_pre_semseg_fix_20260309_2058/recording/rgb/back_left_camera/00116208.png,UNCLASSIFIED
carla_governed/artifacts/final_runs/scenario_b_audit/evidence/generated_smoke_pre_semseg_fix_20260309_2058/recording/rgb/back_left_camera/00116209.png,UNCLASSIFIED
carla_governed/artifacts/final_runs/scenario_b_audit/evidence/generated_smoke_pre_semseg_fix_20260309_2058/recording/rgb/back_right_camera/00116142.png,UNCLASSIFIED
carla_governed/artifacts/final_runs/scenario_b_audit/evidence/generated_smoke_pre_semseg_fix_20260309_2058/recording/rgb/back_right_camera/00116143.png,UNCLASSIFIED
carla_governed/artifacts/final_runs/scenario_b_audit/evidence/generated_smoke_pre_semseg_fix_20260309_2058/recording/rgb/back_right_camera/00116144.png,UNCLASSIFIED
carla_governed/artifacts/final_runs/scenario_b_audit/evidence/generated_smoke_pre_semseg_fix_20260309_2058/recording/rgb/back_right_camera/00116145.png,UNCLASSIFIED
carla_governed/artifacts/final_runs/scenario_b_audit/evidence/generated_smoke_pre_semseg_fix_20260309_2058/recording/rgb/back_right_camera/00116146.png,UNCLASSIFIED
carla_governed/artifacts/final_runs/scenario_b_audit/evidence/generated_smoke_pre_semseg_fix_20260309_2058/recording/rgb/back_right_camera/00116206.png,UNCLASSIFIED
carla_governed/artifacts/final_runs/scenario_b_audit/evidence/generated_smoke_pre_semseg_fix_20260309_2058/recording/rgb/back_right_camera/00116207.png,UNCLASSIFIED
carla_governed/artifacts/final_runs/scenario_b_audit/evidence/generated_smoke_pre_semseg_fix_20260309_2058/recording/rgb/back_right_camera/00116208.png,UNCLASSIFIED
carla_governed/artifacts/final_runs/scenario_b_audit/evidence/generated_smoke_pre_semseg_fix_20260309_2058/recording/rgb/back_right_camera/00116209.png,UNCLASSIFIED
carla_governed/artifacts/final_runs/scenario_b_audit/evidence/generated_smoke_pre_semseg_fix_20260309_2058/recording/rgb/front_left_camera/00116142.png,UNCLASSIFIED
carla_governed/artifacts/final_runs/scenario_b_audit/evidence/generated_smoke_pre_semseg_fix_20260309_2058/recording/rgb/front_left_camera/00116143.png,UNCLASSIFIED
carla_governed/artifacts/final_runs/scenario_b_audit/evidence/generated_smoke_pre_semseg_fix_20260309_2058/recording/rgb/front_left_camera/00116144.png,UNCLASSIFIED
carla_governed/artifacts/final_runs/scenario_b_audit/evidence/generated_smoke_pre_semseg_fix_20260309_2058/recording/rgb/front_left_camera/00116145.png,UNCLASSIFIED
carla_governed/artifacts/final_runs/scenario_b_audit/evidence/generated_smoke_pre_semseg_fix_20260309_2058/recording/rgb/front_left_camera/00116206.png,UNCLASSIFIED
carla_governed/artifacts/final_runs/scenario_b_audit/evidence/generated_smoke_pre_semseg_fix_20260309_2058/recording/rgb/front_left_camera/00116207.png,UNCLASSIFIED
carla_governed/artifacts/final_runs/scenario_b_audit/evidence/generated_smoke_pre_semseg_fix_20260309_2058/recording/rgb/front_left_camera/00116208.png,UNCLASSIFIED
carla_governed/artifacts/final_runs/scenario_b_audit/evidence/generated_smoke_pre_semseg_fix_20260309_2058/recording/rgb/front_right_camera/00116142.png,UNCLASSIFIED
carla_governed/artifacts/final_runs/scenario_b_audit/evidence/generated_smoke_pre_semseg_fix_20260309_2058/recording/rgb/front_right_camera/00116143.png,UNCLASSIFIED
carla_governed/artifacts/final_runs/scenario_b_audit/evidence/generated_smoke_pre_semseg_fix_20260309_2058/recording/rgb/front_right_camera/00116144.png,UNCLASSIFIED
carla_governed/artifacts/final_runs/scenario_b_audit/evidence/generated_smoke_pre_semseg_fix_20260309_2058/recording/rgb/front_right_camera/00116145.png,UNCLASSIFIED
carla_governed/artifacts/final_runs/scenario_b_audit/evidence/generated_smoke_pre_semseg_fix_20260309_2058/recording/rgb/front_right_camera/00116206.png,UNCLASSIFIED
carla_governed/artifacts/final_runs/scenario_b_audit/evidence/generated_smoke_pre_semseg_fix_20260309_2058/recording/rgb/front_right_camera/00116207.png,UNCLASSIFIED
carla_governed/artifacts/final_runs/scenario_b_audit/evidence/generated_smoke_pre_semseg_fix_20260309_2058/recording/rgb/front_right_camera/00116208.png,UNCLASSIFIED
carla_governed/artifacts/final_runs/scenario_b_audit/evidence/generated_smoke_pre_semseg_fix_20260309_2058/recording/rgb/front_right_camera/00116209.png,UNCLASSIFIED
carla_governed/artifacts/final_runs/scenario_b_audit/evidence/generated_smoke_pre_semseg_fix_20260309_2058/recording/rgb/left_camera/00116142.png,UNCLASSIFIED
carla_governed/artifacts/final_runs/scenario_b_audit/evidence/generated_smoke_pre_semseg_fix_20260309_2058/recording/rgb/left_camera/00116143.png,UNCLASSIFIED
carla_governed/artifacts/final_runs/scenario_b_audit/evidence/generated_smoke_pre_semseg_fix_20260309_2058/recording/rgb/left_camera/00116144.png,UNCLASSIFIED
carla_governed/artifacts/final_runs/scenario_b_audit/evidence/generated_smoke_pre_semseg_fix_20260309_2058/recording/rgb/left_camera/00116145.png,UNCLASSIFIED
carla_governed/artifacts/final_runs/scenario_b_audit/evidence/generated_smoke_pre_semseg_fix_20260309_2058/recording/rgb/left_camera/00116206.png,UNCLASSIFIED
carla_governed/artifacts/final_runs/scenario_b_audit/evidence/generated_smoke_pre_semseg_fix_20260309_2058/recording/rgb/left_camera/00116207.png,UNCLASSIFIED
carla_governed/artifacts/final_runs/scenario_b_audit/evidence/generated_smoke_pre_semseg_fix_20260309_2058/recording/rgb/left_camera/00116208.png,UNCLASSIFIED
carla_governed/artifacts/final_runs/scenario_b_audit/evidence/generated_smoke_pre_semseg_fix_20260309_2058/recording/rgb/left_camera/00116209.png,UNCLASSIFIED
carla_governed/artifacts/final_runs/scenario_b_audit/evidence/generated_smoke_pre_semseg_fix_20260309_2058/recording/rgb/right_camera/00116142.png,UNCLASSIFIED
carla_governed/artifacts/final_runs/scenario_b_audit/evidence/generated_smoke_pre_semseg_fix_20260309_2058/recording/rgb/right_camera/00116143.png,UNCLASSIFIED
carla_governed/artifacts/final_runs/scenario_b_audit/evidence/generated_smoke_pre_semseg_fix_20260309_2058/recording/rgb/right_camera/00116144.png,UNCLASSIFIED
carla_governed/artifacts/final_runs/scenario_b_audit/evidence/generated_smoke_pre_semseg_fix_20260309_2058/recording/rgb/right_camera/00116145.png,UNCLASSIFIED
carla_governed/artifacts/final_runs/scenario_b_audit/evidence/generated_smoke_pre_semseg_fix_20260309_2058/recording/rgb/right_camera/00116206.png,UNCLASSIFIED
carla_governed/artifacts/final_runs/scenario_b_audit/evidence/generated_smoke_pre_semseg_fix_20260309_2058/recording/rgb/right_camera/00116207.png,UNCLASSIFIED
carla_governed/artifacts/final_runs/scenario_b_audit/evidence/generated_smoke_pre_semseg_fix_20260309_2058/recording/rgb/right_camera/00116208.png,UNCLASSIFIED
carla_governed/artifacts/final_runs/scenario_b_audit/evidence/generated_smoke_pre_semseg_fix_20260309_2058/recording/rgb/right_camera/00116209.png,UNCLASSIFIED
carla_governed/artifacts/final_runs/scenario_b_audit/evidence/generated_smoke_pre_semseg_fix_20260309_2058/recording/rig_validation.json,UNCLASSIFIED
carla_governed/artifacts/final_runs/scenario_b_audit/evidence/generated_smoke_pre_semseg_fix_20260309_2058/recording/run_info.json,UNCLASSIFIED
carla_governed/artifacts/final_runs/scenario_b_audit/evidence/generated_smoke_pre_semseg_fix_20260309_2058/recording/semseg_raw/semseg_back_left_camera/00116206.png,UNCLASSIFIED
carla_governed/artifacts/final_runs/scenario_b_audit/evidence/generated_smoke_pre_semseg_fix_20260309_2058/recording/semseg_raw/semseg_back_left_camera/00116207.png,UNCLASSIFIED
carla_governed/artifacts/final_runs/scenario_b_audit/evidence/generated_smoke_pre_semseg_fix_20260309_2058/recording/semseg_raw/semseg_back_left_camera/00116208.png,UNCLASSIFIED
carla_governed/artifacts/final_runs/scenario_b_audit/evidence/generated_smoke_pre_semseg_fix_20260309_2058/recording/semseg_raw/semseg_back_left_camera/00116209.png,UNCLASSIFIED
carla_governed/artifacts/final_runs/scenario_b_audit/evidence/generated_smoke_pre_semseg_fix_20260309_2058/recording/semseg_raw/semseg_back_right_camera/00116206.png,UNCLASSIFIED
carla_governed/artifacts/final_runs/scenario_b_audit/evidence/generated_smoke_pre_semseg_fix_20260309_2058/recording/semseg_raw/semseg_back_right_camera/00116207.png,UNCLASSIFIED
carla_governed/artifacts/final_runs/scenario_b_audit/evidence/generated_smoke_pre_semseg_fix_20260309_2058/recording/semseg_raw/semseg_back_right_camera/00116208.png,UNCLASSIFIED
carla_governed/artifacts/final_runs/scenario_b_audit/evidence/generated_smoke_pre_semseg_fix_20260309_2058/recording/semseg_raw/semseg_back_right_camera/00116209.png,UNCLASSIFIED
carla_governed/artifacts/final_runs/scenario_b_audit/evidence/generated_smoke_pre_semseg_fix_20260309_2058/recording/semseg_raw/semseg_front_left_camera/00116206.png,UNCLASSIFIED
carla_governed/artifacts/final_runs/scenario_b_audit/evidence/generated_smoke_pre_semseg_fix_20260309_2058/recording/semseg_raw/semseg_front_left_camera/00116207.png,UNCLASSIFIED
carla_governed/artifacts/final_runs/scenario_b_audit/evidence/generated_smoke_pre_semseg_fix_20260309_2058/recording/semseg_raw/semseg_front_left_camera/00116208.png,UNCLASSIFIED
carla_governed/artifacts/final_runs/scenario_b_audit/evidence/generated_smoke_pre_semseg_fix_20260309_2058/recording/semseg_raw/semseg_front_left_camera/00116209.png,UNCLASSIFIED
carla_governed/artifacts/final_runs/scenario_b_audit/evidence/generated_smoke_pre_semseg_fix_20260309_2058/recording/semseg_raw/semseg_front_right_camera/00116206.png,UNCLASSIFIED
carla_governed/artifacts/final_runs/scenario_b_audit/evidence/generated_smoke_pre_semseg_fix_20260309_2058/recording/semseg_raw/semseg_front_right_camera/00116207.png,UNCLASSIFIED
carla_governed/artifacts/final_runs/scenario_b_audit/evidence/generated_smoke_pre_semseg_fix_20260309_2058/recording/semseg_raw/semseg_front_right_camera/00116208.png,UNCLASSIFIED
carla_governed/artifacts/final_runs/scenario_b_audit/evidence/generated_smoke_pre_semseg_fix_20260309_2058/recording/semseg_raw/semseg_front_right_camera/00116209.png,UNCLASSIFIED
carla_governed/artifacts/final_runs/scenario_b_audit/evidence/generated_smoke_pre_semseg_fix_20260309_2058/recording/semseg_raw/semseg_left_camera/00116206.png,UNCLASSIFIED
carla_governed/artifacts/final_runs/scenario_b_audit/evidence/generated_smoke_pre_semseg_fix_20260309_2058/recording/semseg_raw/semseg_left_camera/00116207.png,UNCLASSIFIED
carla_governed/artifacts/final_runs/scenario_b_audit/evidence/generated_smoke_pre_semseg_fix_20260309_2058/recording/semseg_raw/semseg_left_camera/00116208.png,UNCLASSIFIED
carla_governed/artifacts/final_runs/scenario_b_audit/evidence/generated_smoke_pre_semseg_fix_20260309_2058/recording/semseg_raw/semseg_right_camera/00116206.png,UNCLASSIFIED
carla_governed/artifacts/final_runs/scenario_b_audit/evidence/generated_smoke_pre_semseg_fix_20260309_2058/recording/semseg_raw/semseg_right_camera/00116207.png,UNCLASSIFIED
carla_governed/artifacts/final_runs/scenario_b_audit/evidence/generated_smoke_pre_semseg_fix_20260309_2058/recording/semseg_raw/semseg_right_camera/00116208.png,UNCLASSIFIED
carla_governed/artifacts/final_runs/scenario_b_audit/evidence/generated_smoke_pre_semseg_fix_20260309_2058/recording/semseg_raw/semseg_right_camera/00116209.png,UNCLASSIFIED
carla_governed/artifacts/final_runs/scenario_b_audit/evidence/generated_smoke_pre_semseg_fix_20260309_2058/recording/sensor_rig_report.json,UNCLASSIFIED
carla_governed/artifacts/final_runs/scenario_b_audit/evidence/generated_smoke_pre_semseg_fix_20260309_2058/recording/sensor_transforms.json,UNCLASSIFIED
carla_governed/artifacts/final_runs/scenario_b_audit/evidence/generated_smoke_pre_semseg_fix_20260309_2058/recording/thesis_rig_report.json,UNCLASSIFIED
carla_governed/artifacts/final_runs/scenario_b_audit/evidence/generated_smoke_pre_semseg_fix_20260309_2058/recording/tick_watchdog.json,UNCLASSIFIED
carla_governed/artifacts/final_runs/scenario_b_audit/evidence/generated_smoke_pre_semseg_fix_20260309_2058/recording_summary.json,UNCLASSIFIED
carla_governed/artifacts/final_runs/scenario_b_audit/evidence/generated_smoke_pre_semseg_fix_20260309_2058/rig_verification.json,UNCLASSIFIED
carla_governed/artifacts/final_runs/scenario_b_audit/evidence/generated_smoke_pre_semseg_fix_20260309_2058/run_info.json,UNCLASSIFIED
carla_governed/artifacts/final_runs/scenario_b_audit/evidence/generated_smoke_pre_semseg_fix_20260309_2058/scene_readiness_report.json,UNCLASSIFIED
carla_governed/artifacts/final_runs/scenario_b_audit/evidence/generated_smoke_pre_semseg_fix_20260309_2058/screenshot_result.json,UNCLASSIFIED
carla_governed/artifacts/final_runs/scenario_b_audit/evidence/generated_smoke_pre_semseg_fix_20260309_2058/screenshots/00116142.png,UNCLASSIFIED
carla_governed/artifacts/final_runs/scenario_b_audit/evidence/generated_smoke_pre_semseg_fix_20260309_2058/screenshots/00116145.png,UNCLASSIFIED
carla_governed/artifacts/final_runs/scenario_b_audit/evidence/generated_smoke_pre_semseg_fix_20260309_2058/screenshots/00116208.png,UNCLASSIFIED
carla_governed/artifacts/final_runs/scenario_b_audit/evidence/generated_smoke_pre_semseg_fix_20260309_2058/screenshots/camera_front.png,UNCLASSIFIED
carla_governed/artifacts/final_runs/scenario_b_audit/evidence/generated_smoke_pre_semseg_fix_20260309_2058/screenshots/lidar_bev.png,UNCLASSIFIED
carla_governed/artifacts/final_runs/scenario_b_audit/evidence/generated_smoke_pre_semseg_fix_20260309_2058/sensor_rig_report.json,UNCLASSIFIED
carla_governed/artifacts/final_runs/scenario_b_audit/evidence/generated_smoke_pre_semseg_fix_20260309_2058/spawn_sanity_objects_stderr.txt,UNCLASSIFIED
carla_governed/artifacts/final_runs/scenario_b_audit/evidence/generated_smoke_pre_semseg_fix_20260309_2058/spawn_sanity_objects_stdout.txt,UNCLASSIFIED
carla_governed/artifacts/final_runs/scenario_b_audit/evidence/generated_smoke_pre_semseg_fix_20260309_2058/timeout_diagnostics.json,UNCLASSIFIED
carla_governed/artifacts/final_runs/scenario_b_audit/evidence/generated_smoke_pre_semseg_fix_20260309_2058/write_integrity_status.json,UNCLASSIFIED
carla_governed/artifacts/final_runs/scenario_b_audit/evidence/generated_smoke_semseg_verify/_normalized_input.xodr,UNCLASSIFIED
carla_governed/artifacts/final_runs/scenario_b_audit/evidence/generated_smoke_semseg_verify/camera_front.png,UNCLASSIFIED
carla_governed/artifacts/final_runs/scenario_b_audit/evidence/generated_smoke_semseg_verify/carla_screenshot_once_stderr.txt,UNCLASSIFIED
carla_governed/artifacts/final_runs/scenario_b_audit/evidence/generated_smoke_semseg_verify/carla_screenshot_once_stdout.txt,UNCLASSIFIED
carla_governed/artifacts/final_runs/scenario_b_audit/evidence/generated_smoke_semseg_verify/carla_status.json,UNCLASSIFIED
carla_governed/artifacts/final_runs/scenario_b_audit/evidence/generated_smoke_semseg_verify/ego_spawn.png,UNCLASSIFIED
carla_governed/artifacts/final_runs/scenario_b_audit/evidence/generated_smoke_semseg_verify/forward_alignment_diagnostics.json,UNCLASSIFIED
carla_governed/artifacts/final_runs/scenario_b_audit/evidence/generated_smoke_semseg_verify/lidar_bev.png,UNCLASSIFIED
carla_governed/artifacts/final_runs/scenario_b_audit/evidence/generated_smoke_semseg_verify/lidar_on_rgb_overlay.png,UNCLASSIFIED
carla_governed/artifacts/final_runs/scenario_b_audit/evidence/generated_smoke_semseg_verify/objects_placed.json,UNCLASSIFIED
carla_governed/artifacts/final_runs/scenario_b_audit/evidence/generated_smoke_semseg_verify/objects_placed.png,UNCLASSIFIED
carla_governed/artifacts/final_runs/scenario_b_audit/evidence/generated_smoke_semseg_verify/pair_manifest.json,UNCLASSIFIED
carla_governed/artifacts/final_runs/scenario_b_audit/evidence/generated_smoke_semseg_verify/perception_status.json,UNCLASSIFIED
carla_governed/artifacts/final_runs/scenario_b_audit/evidence/generated_smoke_semseg_verify/qa_spawn_report.json,UNCLASSIFIED
carla_governed/artifacts/final_runs/scenario_b_audit/evidence/generated_smoke_semseg_verify/real_u_proxy_metrics.json,UNCLASSIFIED
carla_governed/artifacts/final_runs/scenario_b_audit/evidence/generated_smoke_semseg_verify/record_route_stderr.txt,UNCLASSIFIED
carla_governed/artifacts/final_runs/scenario_b_audit/evidence/generated_smoke_semseg_verify/record_route_stdout.txt,UNCLASSIFIED
carla_governed/artifacts/final_runs/scenario_b_audit/evidence/generated_smoke_semseg_verify/recorder_manifest.json,UNCLASSIFIED
carla_governed/artifacts/final_runs/scenario_b_audit/evidence/generated_smoke_semseg_verify/recording/ego_spawn.json,UNCLASSIFIED
carla_governed/artifacts/final_runs/scenario_b_audit/evidence/generated_smoke_semseg_verify/recording/lidar/middle_lidar/00116226.ply,UNCLASSIFIED
carla_governed/artifacts/final_runs/scenario_b_audit/evidence/generated_smoke_semseg_verify/recording/lidar/middle_lidar/00116227.ply,UNCLASSIFIED
carla_governed/artifacts/final_runs/scenario_b_audit/evidence/generated_smoke_semseg_verify/recording/lidar/middle_lidar/00116228.ply,UNCLASSIFIED
carla_governed/artifacts/final_runs/scenario_b_audit/evidence/generated_smoke_semseg_verify/recording/lidar/middle_lidar/00116229.ply,UNCLASSIFIED
carla_governed/artifacts/final_runs/scenario_b_audit/evidence/generated_smoke_semseg_verify/recording/lidar/middle_lidar/00116230.ply,UNCLASSIFIED
carla_governed/artifacts/final_runs/scenario_b_audit/evidence/generated_smoke_semseg_verify/recording/lidar/middle_lidar/00116231.ply,UNCLASSIFIED
carla_governed/artifacts/final_runs/scenario_b_audit/evidence/generated_smoke_semseg_verify/recording/lidar/middle_lidar/00116232.ply,UNCLASSIFIED
carla_governed/artifacts/final_runs/scenario_b_audit/evidence/generated_smoke_semseg_verify/recording/lidar/middle_lidar_old/00116226.ply,UNCLASSIFIED
carla_governed/artifacts/final_runs/scenario_b_audit/evidence/generated_smoke_semseg_verify/recording/lidar/middle_lidar_old/00116227.ply,UNCLASSIFIED
carla_governed/artifacts/final_runs/scenario_b_audit/evidence/generated_smoke_semseg_verify/recording/lidar/middle_lidar_old/00116228.ply,UNCLASSIFIED
carla_governed/artifacts/final_runs/scenario_b_audit/evidence/generated_smoke_semseg_verify/recording/lidar/middle_lidar_old/00116229.ply,UNCLASSIFIED
carla_governed/artifacts/final_runs/scenario_b_audit/evidence/generated_smoke_semseg_verify/recording/lidar/middle_lidar_old/00116230.ply,UNCLASSIFIED
carla_governed/artifacts/final_runs/scenario_b_audit/evidence/generated_smoke_semseg_verify/recording/lidar/middle_lidar_old/00116231.ply,UNCLASSIFIED
carla_governed/artifacts/final_runs/scenario_b_audit/evidence/generated_smoke_semseg_verify/recording/lidar/middle_lidar_old/00116232.ply,UNCLASSIFIED
carla_governed/artifacts/final_runs/scenario_b_audit/evidence/generated_smoke_semseg_verify/recording/meta/world_snapshots.jsonl,UNCLASSIFIED
carla_governed/artifacts/final_runs/scenario_b_audit/evidence/generated_smoke_semseg_verify/recording/recorder_manifest.json,UNCLASSIFIED
carla_governed/artifacts/final_runs/scenario_b_audit/evidence/generated_smoke_semseg_verify/recording/rgb/back_left_camera/00116226.png,UNCLASSIFIED
carla_governed/artifacts/final_runs/scenario_b_audit/evidence/generated_smoke_semseg_verify/recording/rgb/back_left_camera/00116227.png,UNCLASSIFIED
carla_governed/artifacts/final_runs/scenario_b_audit/evidence/generated_smoke_semseg_verify/recording/rgb/back_left_camera/00116228.png,UNCLASSIFIED
carla_governed/artifacts/final_runs/scenario_b_audit/evidence/generated_smoke_semseg_verify/recording/rgb/back_right_camera/00116226.png,UNCLASSIFIED
carla_governed/artifacts/final_runs/scenario_b_audit/evidence/generated_smoke_semseg_verify/recording/rgb/back_right_camera/00116227.png,UNCLASSIFIED
carla_governed/artifacts/final_runs/scenario_b_audit/evidence/generated_smoke_semseg_verify/recording/rgb/back_right_camera/00116228.png,UNCLASSIFIED
carla_governed/artifacts/final_runs/scenario_b_audit/evidence/generated_smoke_semseg_verify/recording/rgb/back_right_camera/00116229.png,UNCLASSIFIED
carla_governed/artifacts/final_runs/scenario_b_audit/evidence/generated_smoke_semseg_verify/recording/rgb/front_left_camera/00116226.png,UNCLASSIFIED
carla_governed/artifacts/final_runs/scenario_b_audit/evidence/generated_smoke_semseg_verify/recording/rgb/front_left_camera/00116227.png,UNCLASSIFIED
carla_governed/artifacts/final_runs/scenario_b_audit/evidence/generated_smoke_semseg_verify/recording/rgb/front_left_camera/00116228.png,UNCLASSIFIED
carla_governed/artifacts/final_runs/scenario_b_audit/evidence/generated_smoke_semseg_verify/recording/rgb/front_right_camera/00116226.png,UNCLASSIFIED
carla_governed/artifacts/final_runs/scenario_b_audit/evidence/generated_smoke_semseg_verify/recording/rgb/front_right_camera/00116227.png,UNCLASSIFIED
carla_governed/artifacts/final_runs/scenario_b_audit/evidence/generated_smoke_semseg_verify/recording/rgb/front_right_camera/00116228.png,UNCLASSIFIED
carla_governed/artifacts/final_runs/scenario_b_audit/evidence/generated_smoke_semseg_verify/recording/rgb/left_camera/00116226.png,UNCLASSIFIED
carla_governed/artifacts/final_runs/scenario_b_audit/evidence/generated_smoke_semseg_verify/recording/rgb/left_camera/00116227.png,UNCLASSIFIED
carla_governed/artifacts/final_runs/scenario_b_audit/evidence/generated_smoke_semseg_verify/recording/rgb/left_camera/00116228.png,UNCLASSIFIED
carla_governed/artifacts/final_runs/scenario_b_audit/evidence/generated_smoke_semseg_verify/recording/rgb/right_camera/00116226.png,UNCLASSIFIED
carla_governed/artifacts/final_runs/scenario_b_audit/evidence/generated_smoke_semseg_verify/recording/rgb/right_camera/00116227.png,UNCLASSIFIED
carla_governed/artifacts/final_runs/scenario_b_audit/evidence/generated_smoke_semseg_verify/recording/rgb/right_camera/00116228.png,UNCLASSIFIED
carla_governed/artifacts/final_runs/scenario_b_audit/evidence/generated_smoke_semseg_verify/recording/rig_validation.json,UNCLASSIFIED
carla_governed/artifacts/final_runs/scenario_b_audit/evidence/generated_smoke_semseg_verify/recording/run_info.json,UNCLASSIFIED
carla_governed/artifacts/final_runs/scenario_b_audit/evidence/generated_smoke_semseg_verify/recording/semseg_raw/semseg_back_left_camera/00116226.png,UNCLASSIFIED
carla_governed/artifacts/final_runs/scenario_b_audit/evidence/generated_smoke_semseg_verify/recording/semseg_raw/semseg_back_left_camera/00116227.png,UNCLASSIFIED
carla_governed/artifacts/final_runs/scenario_b_audit/evidence/generated_smoke_semseg_verify/recording/semseg_raw/semseg_back_left_camera/00116228.png,UNCLASSIFIED
carla_governed/artifacts/final_runs/scenario_b_audit/evidence/generated_smoke_semseg_verify/recording/semseg_raw/semseg_back_right_camera/00116226.png,UNCLASSIFIED
carla_governed/artifacts/final_runs/scenario_b_audit/evidence/generated_smoke_semseg_verify/recording/semseg_raw/semseg_back_right_camera/00116227.png,UNCLASSIFIED
carla_governed/artifacts/final_runs/scenario_b_audit/evidence/generated_smoke_semseg_verify/recording/semseg_raw/semseg_back_right_camera/00116228.png,UNCLASSIFIED
carla_governed/artifacts/final_runs/scenario_b_audit/evidence/generated_smoke_semseg_verify/recording/semseg_raw/semseg_back_right_camera/00116229.png,UNCLASSIFIED
carla_governed/artifacts/final_runs/scenario_b_audit/evidence/generated_smoke_semseg_verify/recording/semseg_raw/semseg_front_left_camera/00116226.png,UNCLASSIFIED
carla_governed/artifacts/final_runs/scenario_b_audit/evidence/generated_smoke_semseg_verify/recording/semseg_raw/semseg_front_left_camera/00116227.png,UNCLASSIFIED
carla_governed/artifacts/final_runs/scenario_b_audit/evidence/generated_smoke_semseg_verify/recording/semseg_raw/semseg_front_left_camera/00116228.png,UNCLASSIFIED
carla_governed/artifacts/final_runs/scenario_b_audit/evidence/generated_smoke_semseg_verify/recording/semseg_raw/semseg_front_right_camera/00116226.png,UNCLASSIFIED
carla_governed/artifacts/final_runs/scenario_b_audit/evidence/generated_smoke_semseg_verify/recording/semseg_raw/semseg_front_right_camera/00116227.png,UNCLASSIFIED
carla_governed/artifacts/final_runs/scenario_b_audit/evidence/generated_smoke_semseg_verify/recording/semseg_raw/semseg_front_right_camera/00116228.png,UNCLASSIFIED
carla_governed/artifacts/final_runs/scenario_b_audit/evidence/generated_smoke_semseg_verify/recording/semseg_raw/semseg_left_camera/00116226.png,UNCLASSIFIED
carla_governed/artifacts/final_runs/scenario_b_audit/evidence/generated_smoke_semseg_verify/recording/semseg_raw/semseg_left_camera/00116227.png,UNCLASSIFIED
carla_governed/artifacts/final_runs/scenario_b_audit/evidence/generated_smoke_semseg_verify/recording/semseg_raw/semseg_left_camera/00116228.png,UNCLASSIFIED
carla_governed/artifacts/final_runs/scenario_b_audit/evidence/generated_smoke_semseg_verify/recording/semseg_raw/semseg_right_camera/00116226.png,UNCLASSIFIED
carla_governed/artifacts/final_runs/scenario_b_audit/evidence/generated_smoke_semseg_verify/recording/semseg_raw/semseg_right_camera/00116227.png,UNCLASSIFIED
carla_governed/artifacts/final_runs/scenario_b_audit/evidence/generated_smoke_semseg_verify/recording/semseg_raw/semseg_right_camera/00116228.png,UNCLASSIFIED
carla_governed/artifacts/final_runs/scenario_b_audit/evidence/generated_smoke_semseg_verify/recording/sensor_rig_report.json,UNCLASSIFIED
carla_governed/artifacts/final_runs/scenario_b_audit/evidence/generated_smoke_semseg_verify/recording/sensor_transforms.json,UNCLASSIFIED
carla_governed/artifacts/final_runs/scenario_b_audit/evidence/generated_smoke_semseg_verify/recording/thesis_rig_report.json,UNCLASSIFIED
carla_governed/artifacts/final_runs/scenario_b_audit/evidence/generated_smoke_semseg_verify/recording/tick_watchdog.json,UNCLASSIFIED
carla_governed/artifacts/final_runs/scenario_b_audit/evidence/generated_smoke_semseg_verify/recording_summary.json,UNCLASSIFIED
carla_governed/artifacts/final_runs/scenario_b_audit/evidence/generated_smoke_semseg_verify/rig_verification.json,UNCLASSIFIED
carla_governed/artifacts/final_runs/scenario_b_audit/evidence/generated_smoke_semseg_verify/run_info.json,UNCLASSIFIED
carla_governed/artifacts/final_runs/scenario_b_audit/evidence/generated_smoke_semseg_verify/scene_readiness_report.json,UNCLASSIFIED
carla_governed/artifacts/final_runs/scenario_b_audit/evidence/generated_smoke_semseg_verify/screenshot_result.json,UNCLASSIFIED
carla_governed/artifacts/final_runs/scenario_b_audit/evidence/generated_smoke_semseg_verify/screenshots/00116226.png,UNCLASSIFIED
carla_governed/artifacts/final_runs/scenario_b_audit/evidence/generated_smoke_semseg_verify/screenshots/00116228.png,UNCLASSIFIED
carla_governed/artifacts/final_runs/scenario_b_audit/evidence/generated_smoke_semseg_verify/screenshots/camera_front.png,UNCLASSIFIED
carla_governed/artifacts/final_runs/scenario_b_audit/evidence/generated_smoke_semseg_verify/screenshots/lidar_bev.png,UNCLASSIFIED
carla_governed/artifacts/final_runs/scenario_b_audit/evidence/generated_smoke_semseg_verify/sensor_rig_report.json,UNCLASSIFIED
carla_governed/artifacts/final_runs/scenario_b_audit/evidence/generated_smoke_semseg_verify/spawn_sanity_objects_stderr.txt,UNCLASSIFIED
carla_governed/artifacts/final_runs/scenario_b_audit/evidence/generated_smoke_semseg_verify/spawn_sanity_objects_stdout.txt,UNCLASSIFIED
carla_governed/artifacts/final_runs/scenario_b_audit/evidence/generated_smoke_semseg_verify/write_integrity_status.json,UNCLASSIFIED
carla_governed/artifacts/final_runs/scenario_b_audit/evidence/strict_evidence/_normalized_input.xodr,UNCLASSIFIED
carla_governed/artifacts/final_runs/scenario_b_audit/evidence/strict_evidence/carla_status.json,UNCLASSIFIED
carla_governed/artifacts/final_runs/scenario_b_audit/evidence/strict_evidence/pair_manifest.json,UNCLASSIFIED
carla_governed/artifacts/final_runs/scenario_b_audit/evidence/strict_evidence/perception_status.json,UNCLASSIFIED
carla_governed/artifacts/final_runs/scenario_b_audit/evidence/strict_evidence/qa_spawn_report.json,UNCLASSIFIED
carla_governed/artifacts/final_runs/scenario_b_audit/evidence/strict_evidence/real_u_proxy_metrics.json,UNCLASSIFIED
carla_governed/artifacts/final_runs/scenario_b_audit/evidence/strict_evidence/record_route_stderr.txt,UNCLASSIFIED
carla_governed/artifacts/final_runs/scenario_b_audit/evidence/strict_evidence/record_route_stdout.txt,UNCLASSIFIED
carla_governed/artifacts/final_runs/scenario_b_audit/evidence/strict_evidence/recorder_manifest.json,UNCLASSIFIED
carla_governed/artifacts/final_runs/scenario_b_audit/evidence/strict_evidence/recording/capture_status.json,UNCLASSIFIED
carla_governed/artifacts/final_runs/scenario_b_audit/evidence/strict_evidence/recording/recorder_manifest.json,UNCLASSIFIED
carla_governed/artifacts/final_runs/scenario_b_audit/evidence/strict_evidence/recording/run_info.json,UNCLASSIFIED
carla_governed/artifacts/final_runs/scenario_b_audit/evidence/strict_evidence/recording/sensor_rig_report.json,UNCLASSIFIED
carla_governed/artifacts/final_runs/scenario_b_audit/evidence/strict_evidence/recording_summary.json,UNCLASSIFIED
carla_governed/artifacts/final_runs/scenario_b_audit/evidence/strict_evidence/run_info.json,UNCLASSIFIED
carla_governed/artifacts/final_runs/scenario_b_audit/evidence/strict_evidence/scene_readiness_report.json,UNCLASSIFIED
carla_governed/artifacts/final_runs/scenario_b_audit/evidence/strict_evidence/sensor_rig_report.json,UNCLASSIFIED
carla_governed/artifacts/final_runs/scenario_b_audit/evidence/strict_evidence/write_integrity_status.json,UNCLASSIFIED
carla_governed/artifacts/scenario_b/orchestration_rq_plumbing_verify_20260309/evidence_summary.json,UNCLASSIFIED
carla_governed/artifacts/scenario_b/orchestration_rq_plumbing_verify_20260309/unified_rq_report.json,UNCLASSIFIED
carla_governed/artifacts/scenario_b/vision_gap_rq_plumbing_verify/out/vision_domain_gap_summary.json,UNCLASSIFIED
check_raw_run1.py,STAGING/UTIL
create_a1_registries.py,STAGING/UTIL
examine_bad_roads.py,STAGING/UTIL
external/blender-driving-scenario-creator/,EXTERNAL/CHECKOUT
external/esmini/,EXTERNAL/CHECKOUT
generate_audit.py,STAGING/UTIL
nul,LEGACY/STRAY
reports/C01_carla_runtime_audit.json,REPORT/EVIDENCE
reports/C01_carla_runtime_audit.md,REPORT/EVIDENCE
reports/R01_final_integration_gate.md,REPORT/EVIDENCE
reports/claude_independent_governance_review/CL01_hook_verification.json,REPORT/EVIDENCE
reports/claude_independent_governance_review/CL01_hook_verification.md,REPORT/EVIDENCE
reports/claude_independent_governance_review/CL02_lock_verification.json,REPORT/EVIDENCE
reports/claude_independent_governance_review/CL02_lock_verification.md,REPORT/EVIDENCE
reports/claude_independent_governance_review/CL03_contract_verification.json,REPORT/EVIDENCE
reports/claude_independent_governance_review/CL03_contract_verification.md,REPORT/EVIDENCE
reports/claude_independent_governance_review/CL04_map_identity.json,REPORT/EVIDENCE
reports/claude_independent_governance_review/CL04_map_identity.md,REPORT/EVIDENCE
reports/claude_independent_governance_review/CL05_calibration.json,REPORT/EVIDENCE
reports/claude_independent_governance_review/CL05_calibration.md,REPORT/EVIDENCE
reports/claude_independent_governance_review/CL06_artifact_transactions.json,REPORT/EVIDENCE
reports/claude_independent_governance_review/CL06_artifact_transactions.md,REPORT/EVIDENCE
reports/claude_independent_governance_review/CL07_test_execution.json,REPORT/EVIDENCE
reports/claude_independent_governance_review/CL07_test_execution.md,REPORT/EVIDENCE
reports/claude_independent_governance_review/CL08_final_verdict.json,REPORT/EVIDENCE
reports/claude_independent_governance_review/CL08_final_verdict.md,REPORT/EVIDENCE
reports/codex55_safety/C55_00_identity.json,REPORT/EVIDENCE
reports/codex55_safety/C55_00_identity.md,REPORT/EVIDENCE
reports/codex55_safety/C55_01_governance.json,REPORT/EVIDENCE
reports/codex55_safety/C55_01_governance.md,REPORT/EVIDENCE
reports/codex55_safety/C55_02_map_registry.json,REPORT/EVIDENCE
reports/codex55_safety/C55_02_map_registry.md,REPORT/EVIDENCE
reports/codex55_safety/C55_03_calibration.json,REPORT/EVIDENCE
reports/codex55_safety/C55_03_calibration.md,REPORT/EVIDENCE
reports/codex55_safety/C55_04_elevation_guard.json,REPORT/EVIDENCE
reports/codex55_safety/C55_04_elevation_guard.md,REPORT/EVIDENCE
reports/codex55_safety/C55_05_artifacts.json,REPORT/EVIDENCE
reports/codex55_safety/C55_05_artifacts.md,REPORT/EVIDENCE
reports/codex55_safety/C55_06_failure_injection.json,REPORT/EVIDENCE
reports/codex55_safety/C55_06_failure_injection.md,REPORT/EVIDENCE
reports/codex55_safety/C55_07_tests.json,REPORT/EVIDENCE
reports/codex55_safety/C55_07_tests.md,REPORT/EVIDENCE
reports/codex55_safety/C55_08_final_status.json,REPORT/EVIDENCE
reports/codex55_safety/C55_08_final_status.md,REPORT/EVIDENCE
reports/deepseek_governance_inventory/DS01_worktrees.json,REPORT/EVIDENCE
reports/deepseek_governance_inventory/DS02_hooks.json,REPORT/EVIDENCE
reports/deepseek_governance_inventory/DS03_locks.json,REPORT/EVIDENCE
reports/deepseek_governance_inventory/DS04_contracts.json,REPORT/EVIDENCE
reports/deepseek_governance_inventory/DS05_xodr_paths.json,REPORT/EVIDENCE
reports/deepseek_governance_inventory/DS06_map_families.json,REPORT/EVIDENCE
reports/deepseek_governance_inventory/DS07_donor_implementations.json,REPORT/EVIDENCE
reports/deepseek_governance_inventory/DS08_summary.md,REPORT/EVIDENCE
reports/delta_base_verification/DV01_git_and_ancestry.json,REPORT/EVIDENCE
reports/delta_base_verification/DV01_git_and_ancestry.md,REPORT/EVIDENCE
reports/delta_base_verification/DV02_safety_layer.json,REPORT/EVIDENCE
reports/delta_base_verification/DV02_safety_layer.md,REPORT/EVIDENCE
reports/delta_base_verification/DV03_bundle_alignment.json,REPORT/EVIDENCE
reports/delta_base_verification/DV03_bundle_alignment.md,REPORT/EVIDENCE
reports/delta_base_verification/DV04_handoff.json,REPORT/EVIDENCE
reports/delta_base_verification/DV04_handoff.md,REPORT/EVIDENCE
reports/opencode_batch_20260802/14B_CLOSURE_EVIDENCE.zip,REPORT/EVIDENCE
reports/post_audit_hardening/20260804T135530Z/02_VISUAL_ASSET_TRANSFORM_CHAIN.json,REPORT/EVIDENCE
reports/post_audit_hardening/20260804T135530Z/02_VISUAL_ASSET_TRANSFORM_CHAIN.md,REPORT/EVIDENCE
reports/post_audit_hardening/20260804T185347Z/artifacts/ingolstadt_cooked_perception_v1_b9e07465_window_osm.glb,REPORT/EVIDENCE
reports/post_audit_hardening/20260804T185347Z/artifacts/ingolstadt_cooked_perception_v1_b9e07465_window_osm.glb.provenance.json,REPORT/EVIDENCE
reports/post_audit_hardening/20260804T185347Z/artifacts/ingolstadt_cooked_perception_v1_b9e07465_window_osm.obj,REPORT/EVIDENCE
reports/post_audit_hardening/20260804T185347Z/artifacts/ingolstadt_cooked_perception_v1_b9e07465_window_osm.obj.mtl,REPORT/EVIDENCE
reports/post_audit_hardening/20260804T185347Z/artifacts/ingolstadt_cooked_perception_v1_b9e07465_window_osm.obj.mtl.provenance.json,REPORT/EVIDENCE
reports/post_audit_hardening/20260804T185347Z/artifacts/ingolstadt_cooked_perception_v1_b9e07465_window_osm.obj.provenance.json,REPORT/EVIDENCE
reports/post_audit_hardening/20260804T185347Z/artifacts/ingolstadt_cooked_perception_v1_b9e07465_window_osm.png,REPORT/EVIDENCE
reports/post_audit_hardening/20260804T185347Z/artifacts/osm2world.properties,REPORT/EVIDENCE
reports/post_audit_hardening/20260804T185347Z/artifacts/osm2world_status.json,REPORT/EVIDENCE
reports/post_audit_hardening/20260804T185347Z/artifacts/window_osm.osm,REPORT/EVIDENCE
reports/post_audit_hardening/20260804T203529Z/L1_carla_preflight.json,REPORT/EVIDENCE
reports/post_audit_hardening/20260804T203529Z/L2_map_identity.json,REPORT/EVIDENCE
reports/post_audit_hardening/20260804T203529Z/L3_parser_logs.json,REPORT/EVIDENCE
reports/post_audit_hardening/20260804T203529Z/L4_alignment.json,REPORT/EVIDENCE
reports/post_audit_hardening/20260804T203529Z/L5_visual_regression.json,REPORT/EVIDENCE
reports/post_audit_hardening/20260804T204003Z/L1_carla_preflight.json,REPORT/EVIDENCE
reports/post_audit_hardening/20260804T204003Z/L2_map_identity.json,REPORT/EVIDENCE
reports/post_audit_hardening/20260804T204003Z/L3_parser_logs.json,REPORT/EVIDENCE
reports/post_audit_hardening/20260804T204003Z/L4_alignment.json,REPORT/EVIDENCE
reports/post_audit_hardening/20260804T204003Z/L5_visual_regression.json,REPORT/EVIDENCE
reports/post_audit_hardening/20260804T204003Z/L6_waypoint_topology.json,REPORT/EVIDENCE
reports/post_audit_hardening/20260804T204003Z/L7_drivability.json,REPORT/EVIDENCE
reports/post_audit_hardening/20260804T204419Z/L10_performance.json,REPORT/EVIDENCE
reports/post_audit_hardening/20260804T204419Z/L11_old_vs_new.json,REPORT/EVIDENCE
reports/post_audit_hardening/20260804T204419Z/L12_protected_hashes.json,REPORT/EVIDENCE
reports/post_audit_hardening/20260804T204419Z/L13_outputs.json,REPORT/EVIDENCE
reports/post_audit_hardening/20260804T204419Z/L1_carla_preflight.json,REPORT/EVIDENCE
reports/post_audit_hardening/20260804T204419Z/L2_map_identity.json,REPORT/EVIDENCE
reports/post_audit_hardening/20260804T204419Z/L3_parser_logs.json,REPORT/EVIDENCE
reports/post_audit_hardening/20260804T204419Z/L4_alignment.json,REPORT/EVIDENCE
reports/post_audit_hardening/20260804T204419Z/L5_visual_regression.json,REPORT/EVIDENCE
reports/post_audit_hardening/20260804T204419Z/L6_waypoint_topology.json,REPORT/EVIDENCE
reports/post_audit_hardening/20260804T204419Z/L7_drivability.json,REPORT/EVIDENCE
reports/post_audit_hardening/20260804T204419Z/L8_signal_validation.json,REPORT/EVIDENCE
reports/post_audit_hardening/20260804T204419Z/L9_sensor_validation.json,REPORT/EVIDENCE
reports/post_audit_hardening/20260804T204419Z/PHASE_L_RUNTIME_VALIDATION.json,REPORT/EVIDENCE
reports/post_audit_hardening/20260804T204419Z/PHASE_L_RUNTIME_VALIDATION.md,REPORT/EVIDENCE
reports/post_audit_hardening/20260804T205730Z/L10_performance.json,REPORT/EVIDENCE
reports/post_audit_hardening/20260804T205730Z/L11_old_vs_new.json,REPORT/EVIDENCE
reports/post_audit_hardening/20260804T205730Z/L12_protected_hashes.json,REPORT/EVIDENCE
reports/post_audit_hardening/20260804T205730Z/L13_outputs.json,REPORT/EVIDENCE
reports/post_audit_hardening/20260804T205730Z/L1_carla_preflight.json,REPORT/EVIDENCE
reports/post_audit_hardening/20260804T205730Z/L2_map_identity.json,REPORT/EVIDENCE
reports/post_audit_hardening/20260804T205730Z/L3_parser_logs.json,REPORT/EVIDENCE
reports/post_audit_hardening/20260804T205730Z/L4_alignment.json,REPORT/EVIDENCE
reports/post_audit_hardening/20260804T205730Z/L5_visual_regression.json,REPORT/EVIDENCE
reports/post_audit_hardening/20260804T205730Z/L6_waypoint_topology.json,REPORT/EVIDENCE
reports/post_audit_hardening/20260804T205730Z/L7_drivability.json,REPORT/EVIDENCE
reports/post_audit_hardening/20260804T205730Z/L8_signal_validation.json,REPORT/EVIDENCE
reports/post_audit_hardening/20260804T205730Z/L9_sensor_validation.json,REPORT/EVIDENCE
reports/post_audit_hardening/20260804T205730Z/PHASE_L_RUNTIME_VALIDATION.json,REPORT/EVIDENCE
reports/post_audit_hardening/20260804T205730Z/PHASE_L_RUNTIME_VALIDATION.md,REPORT/EVIDENCE
reports/post_audit_hardening/20260804T205920Z/L10_performance.json,REPORT/EVIDENCE
reports/post_audit_hardening/20260804T205920Z/L11_old_vs_new.json,REPORT/EVIDENCE
reports/post_audit_hardening/20260804T205920Z/L12_protected_hashes.json,REPORT/EVIDENCE
reports/post_audit_hardening/20260804T205920Z/L13_outputs.json,REPORT/EVIDENCE
reports/post_audit_hardening/20260804T205920Z/L1_carla_preflight.json,REPORT/EVIDENCE
reports/post_audit_hardening/20260804T205920Z/L2_map_identity.json,REPORT/EVIDENCE
reports/post_audit_hardening/20260804T205920Z/L3_parser_logs.json,REPORT/EVIDENCE
reports/post_audit_hardening/20260804T205920Z/L4_alignment.json,REPORT/EVIDENCE
reports/post_audit_hardening/20260804T205920Z/L5_visual_regression.json,REPORT/EVIDENCE
reports/post_audit_hardening/20260804T205920Z/L6_waypoint_topology.json,REPORT/EVIDENCE
reports/post_audit_hardening/20260804T205920Z/L7_drivability.json,REPORT/EVIDENCE
reports/post_audit_hardening/20260804T205920Z/L8_signal_validation.json,REPORT/EVIDENCE
reports/post_audit_hardening/20260804T205920Z/L9_sensor_validation.json,REPORT/EVIDENCE
reports/post_audit_hardening/20260804T205920Z/PHASE_L_RUNTIME_VALIDATION.json,REPORT/EVIDENCE
reports/post_audit_hardening/20260804T205920Z/PHASE_L_RUNTIME_VALIDATION.md,REPORT/EVIDENCE
reports/post_audit_hardening/20260804T210232Z/L10_performance.json,REPORT/EVIDENCE
reports/post_audit_hardening/20260804T210232Z/L11_old_vs_new.json,REPORT/EVIDENCE
reports/post_audit_hardening/20260804T210232Z/L12_protected_hashes.json,REPORT/EVIDENCE
reports/post_audit_hardening/20260804T210232Z/L13_outputs.json,REPORT/EVIDENCE
reports/post_audit_hardening/20260804T210232Z/L1_carla_preflight.json,REPORT/EVIDENCE
reports/post_audit_hardening/20260804T210232Z/L2_map_identity.json,REPORT/EVIDENCE
reports/post_audit_hardening/20260804T210232Z/L3_parser_logs.json,REPORT/EVIDENCE
reports/post_audit_hardening/20260804T210232Z/L4_alignment.json,REPORT/EVIDENCE
reports/post_audit_hardening/20260804T210232Z/L5_visual_regression.json,REPORT/EVIDENCE
reports/post_audit_hardening/20260804T210232Z/L6_waypoint_topology.json,REPORT/EVIDENCE
reports/post_audit_hardening/20260804T210232Z/L7_drivability.json,REPORT/EVIDENCE
reports/post_audit_hardening/20260804T210232Z/L8_signal_validation.json,REPORT/EVIDENCE
reports/post_audit_hardening/20260804T210232Z/L9_sensor_validation.json,REPORT/EVIDENCE
reports/post_audit_hardening/20260804T210232Z/N1_runtime_map_identity.json,REPORT/EVIDENCE
reports/post_audit_hardening/20260804T210232Z/PHASE_L_RUNTIME_VALIDATION.json,REPORT/EVIDENCE
reports/post_audit_hardening/20260804T210232Z/PHASE_L_RUNTIME_VALIDATION.md,REPORT/EVIDENCE
reports/post_audit_hardening/20260804T213425Z_N0_PHASE_L_EVIDENCE_AUDIT.json,REPORT/EVIDENCE
reports/post_audit_hardening/20260804T213425Z_N0_PHASE_L_EVIDENCE_AUDIT.md,REPORT/EVIDENCE
reports/post_audit_hardening/20260804T214216Z_N1_RUNTIME_MAP_IDENTITY.json,REPORT/EVIDENCE
reports/post_audit_hardening/20260804T214256Z_N0_PRIMARY_VS_DERIVED_EVIDENCE.csv,REPORT/EVIDENCE
reports/post_audit_hardening/20260804T214410Z_N2_SOURCE_RUNTIME_EQUIVALENCE.json,REPORT/EVIDENCE
reports/post_audit_hardening/20260804T214459Z_N10_PERFORMANCE.json,REPORT/EVIDENCE
reports/post_audit_hardening/20260804T214459Z_N11_NEGATIVE_CONTROLS.json,REPORT/EVIDENCE
reports/post_audit_hardening/20260804T214459Z_N12_DETERMINISM.json,REPORT/EVIDENCE
reports/post_audit_hardening/20260804T214459Z_N13_RELEASE_PACKAGE.json,REPORT/EVIDENCE
reports/post_audit_hardening/20260804T214459Z_N14_OLD_VS_NEW.json,REPORT/EVIDENCE
reports/post_audit_hardening/20260804T214459Z_N3_PROCESS_AND_PORT_AUDIT.json,REPORT/EVIDENCE
reports/post_audit_hardening/20260804T214459Z_N4_SPATIAL_COVERAGE.json,REPORT/EVIDENCE
reports/post_audit_hardening/20260804T214459Z_N5_ROUTE_STRESS.json,REPORT/EVIDENCE
reports/post_audit_hardening/20260804T214459Z_N6_VEHICLE_PHYSICS.json,REPORT/EVIDENCE
reports/post_audit_hardening/20260804T214459Z_N7_TRAFFIC_STRESS.json,REPORT/EVIDENCE
reports/post_audit_hardening/20260804T214459Z_N8_SENSOR_VALIDATION.json,REPORT/EVIDENCE
reports/post_audit_hardening/20260804T214459Z_N9_VISUAL_COLLISION_ALIGNMENT.json,REPORT/EVIDENCE
reports/post_audit_hardening/20260804T214540Z_N15_FINAL_RELEASE_CERTIFICATION.json,REPORT/EVIDENCE
reports/post_audit_hardening/20260804T214630Z_N17_GATE_MATRIX.csv,REPORT/EVIDENCE
reports/post_audit_hardening/20260804T214709Z_N00_EXECUTIVE_SUMMARY.md,REPORT/EVIDENCE
reports/post_audit_hardening/20260804T214807Z_N01_REPOSITORY_AND_ARTIFACT_IDENTITY.json,REPORT/EVIDENCE
reports/post_audit_hardening/20260804T214807Z_N02_PHASE_L_EVIDENCE_AUDIT.json,REPORT/EVIDENCE
reports/post_audit_hardening/20260804T214853Z_N16_OLD_VS_NEW_COMPARISON.csv,REPORT/EVIDENCE
reports/post_audit_hardening/20260804T214941Z_N16_OLD_VS_NEW_COMPARISON.csv,REPORT/EVIDENCE
reports/post_audit_hardening/20260804T214941Z_N18_FINAL_RELEASE_VERDICT.md,REPORT/EVIDENCE
reports/post_audit_hardening/20260804T215104Z_COMMAND_TRANSCRIPT.txt,REPORT/EVIDENCE
reports/post_audit_hardening/20260804T215143Z_EVIDENCE_MANIFEST.json,REPORT/EVIDENCE
reports/post_audit_hardening/20260804T215143Z_N15_RELEASE_PACKAGE.json,REPORT/EVIDENCE
reports/post_audit_hardening/20260804T221702Z_O00_EXISTING_PROGRAM_INVENTORY.csv,REPORT/EVIDENCE
reports/post_audit_hardening/20260804T221723Z_O01_CAPABILITY_MATRIX.md,REPORT/EVIDENCE
reports/post_audit_hardening/20260804T221723Z_O02_PHASE_L_CALL_GRAPH.md,REPORT/EVIDENCE
reports/post_audit_hardening/20260804T221723Z_O03_WRONG_MAP_ROOT_CAUSE.json,REPORT/EVIDENCE
reports/post_audit_hardening/20260804T221755Z_O04_CANDIDATE_LINEAGE.json,REPORT/EVIDENCE
reports/post_audit_hardening/20260804T221755Z_O05_CANDIDATE_LINEAGE.md,REPORT/EVIDENCE
reports/post_audit_hardening/20260804T221755Z_O06_RUNTIME_INPUT_AUTHORITY.json,REPORT/EVIDENCE
reports/post_audit_hardening/20260804T221856Z_O07_RUNTIME_STRATEGY.md,REPORT/EVIDENCE
reports/post_audit_hardening/20260804T221856Z_O08_LOADER_HARDENING.py,REPORT/EVIDENCE
reports/post_audit_hardening/20260804T223515Z_O04_CARLA_CRASH_EVIDENCE.json,REPORT/EVIDENCE
reports/post_audit_hardening/20260805T115947Z_P4_RUNTIME_EQUIVALENCE/P04_RAW_RUNTIME_EVIDENCE.json,REPORT/EVIDENCE
reports/post_audit_hardening/20260805T115947Z_P4_RUNTIME_EQUIVALENCE/P13_RUNTIME_INVENTORY_METHODS.md,REPORT/EVIDENCE
reports/post_audit_hardening/20260805T115947Z_P4_RUNTIME_EQUIVALENCE/P14_SOURCE_RUNTIME_ID_DIFF.json,REPORT/EVIDENCE
reports/post_audit_hardening/20260805T115947Z_P4_RUNTIME_EQUIVALENCE/P15_MISSING_RUNTIME_ROADS.csv,REPORT/EVIDENCE
reports/post_audit_hardening/20260805T115947Z_P4_RUNTIME_EQUIVALENCE/P16_UNEXPECTED_RUNTIME_ROADS.csv,REPORT/EVIDENCE
reports/post_audit_hardening/20260805T115947Z_P4_RUNTIME_EQUIVALENCE/P17_RUNTIME_JUNCTION_DIFF.csv,REPORT/EVIDENCE
reports/post_audit_hardening/20260805T115947Z_P4_RUNTIME_EQUIVALENCE/P18_SOURCE_RUNTIME_SEMANTIC_DIFF.json,REPORT/EVIDENCE
reports/post_audit_hardening/20260805T120340Z/L1_carla_preflight.json,REPORT/EVIDENCE
reports/post_audit_hardening/20260805T120340Z/L2_map_identity.json,REPORT/EVIDENCE
reports/post_audit_hardening/20260805T120340Z/L3_parser_logs.json,REPORT/EVIDENCE
reports/post_audit_hardening/20260805T122525Z/L10_performance.json,REPORT/EVIDENCE
reports/post_audit_hardening/20260805T122525Z/L11_old_vs_new.json,REPORT/EVIDENCE
reports/post_audit_hardening/20260805T122525Z/L12_protected_hashes.json,REPORT/EVIDENCE
reports/post_audit_hardening/20260805T122525Z/L13_outputs.json,REPORT/EVIDENCE
reports/post_audit_hardening/20260805T122525Z/L1_carla_preflight.json,REPORT/EVIDENCE
reports/post_audit_hardening/20260805T122525Z/L2_map_identity.json,REPORT/EVIDENCE
reports/post_audit_hardening/20260805T122525Z/L3_parser_logs.json,REPORT/EVIDENCE
reports/post_audit_hardening/20260805T122525Z/L4_alignment.json,REPORT/EVIDENCE
reports/post_audit_hardening/20260805T122525Z/L5_visual_regression.json,REPORT/EVIDENCE
reports/post_audit_hardening/20260805T122525Z/L6_waypoint_topology.json,REPORT/EVIDENCE
reports/post_audit_hardening/20260805T122525Z/L7_drivability.json,REPORT/EVIDENCE
reports/post_audit_hardening/20260805T122525Z/L8_signal_validation.json,REPORT/EVIDENCE
reports/post_audit_hardening/20260805T122525Z/L9_sensor_validation.json,REPORT/EVIDENCE
reports/post_audit_hardening/20260805T122525Z/PHASE_L_RUNTIME_VALIDATION.json,REPORT/EVIDENCE
reports/post_audit_hardening/20260805T122525Z/PHASE_L_RUNTIME_VALIDATION.md,REPORT/EVIDENCE
reports/post_audit_hardening/20260807T000000Z/S00_WORKTREE_PROVENANCE.json,REPORT/EVIDENCE
reports/source_visual_closure/B2_authoritative_osm.json,REPORT/EVIDENCE
reports/source_visual_closure/B2_authoritative_osm.md,REPORT/EVIDENCE
reports/source_visual_closure/B2_xodr_policy.json,REPORT/EVIDENCE
reports/source_visual_closure/B2_xodr_policy.md,REPORT/EVIDENCE
reports/source_visual_closure/B3_visible_road_policy.json,REPORT/EVIDENCE
reports/source_visual_closure/B3_visible_road_policy.md,REPORT/EVIDENCE
reports/source_visual_closure/B3_visual_artifacts.json,REPORT/EVIDENCE
reports/source_visual_closure/B3_visual_artifacts.md,REPORT/EVIDENCE
reports/source_visual_closure/B4_toolchain.json,REPORT/EVIDENCE
reports/source_visual_closure/B4_toolchain.md,REPORT/EVIDENCE
reports/source_visual_closure/CRS_metadata.json,REPORT/EVIDENCE
reports/source_visual_closure/CRS_metadata.md,REPORT/EVIDENCE
reports/source_visual_closure/final_gate_status.json,REPORT/EVIDENCE
reports/source_visual_closure/final_gate_status.md,REPORT/EVIDENCE
run_n0_audit.py,STAGING/UTIL
stage_0_provenance.py,UNCLASSIFIED
submission_files.txt,LEGACY/STRAY
ultimate_pipeline/reports/post_audit_hardening/_f1_test_tmp/xodr_1210569551279489176.xodr,SOURCE/MODULE
ultimate_pipeline/reports/post_audit_hardening/_f1_test_tmp/xodr_2060131613385256664.xodr,SOURCE/MODULE
ultimate_pipeline/reports/post_audit_hardening/_f1_test_tmp/xodr_251583721919672826.xodr,SOURCE/MODULE
ultimate_pipeline/reports/post_audit_hardening/_f1_test_tmp/xodr_2767322890684755323.xodr,SOURCE/MODULE
ultimate_pipeline/reports/post_audit_hardening/_f1_test_tmp/xodr_298016106736688912.xodr,SOURCE/MODULE
ultimate_pipeline/reports/post_audit_hardening/_f1_test_tmp/xodr_3192344160788733546.xodr,SOURCE/MODULE
ultimate_pipeline/reports/post_audit_hardening/_f1_test_tmp/xodr_6116180927405359888.xodr,SOURCE/MODULE
ultimate_pipeline/reports/post_audit_hardening/_f1_test_tmp/xodr_7047003107710038403.xodr,SOURCE/MODULE
ultimate_pipeline/reports/post_audit_hardening/_f1_test_tmp/xodr_7086752096608772091.xodr,SOURCE/MODULE
ultimate_pipeline/reports/post_audit_hardening/_f1_test_tmp/xodr_7101881477105635919.xodr,SOURCE/MODULE
ultimate_pipeline/reports/post_audit_hardening/_f1_test_tmp/xodr_7290063698777476487.xodr,SOURCE/MODULE
ultimate_pipeline/reports/post_audit_hardening/_f1_test_tmp/xodr_7326278570518433924.xodr,SOURCE/MODULE
ultimate_pipeline/reports/post_audit_hardening/_f1_test_tmp/xodr_8023232510830363613.xodr,SOURCE/MODULE
ultimate_pipeline/reports/post_audit_hardening/_f1_test_tmp/xodr_884393409926195101.xodr,SOURCE/MODULE
vehicle.,LEGACY/STRAY
work/phase_j_window.osm,EXTERNAL/CHECKOUT
work/phase_j_window_osm.osm,EXTERNAL/CHECKOUT
work/post-audit-hardening-20260801/,EXTERNAL/CHECKOUT
worktree_files.txt,LEGACY/STRAY
worktrees/deep-reexamination-20260803/,EXTERNAL/CHECKOUT
worktrees/phase-e-hardening/,EXTERNAL/CHECKOUT
worktrees/post-audit-hardening-20260730/,EXTERNAL/CHECKOUT
worktrees/reexam-published-f91f1df5/,EXTERNAL/CHECKOUT
