osm_id,highway,crossing_type,node_count,length_m,centroid_m,start_m,end_m,road_ids,s,t,match_distance_m,disposition,reason
26677871,footway,traffic_signals,2,7.769,"[838314.138, 5468119.675]","[838317.4823000883, 5468121.652430082]","[838310.7946485252, 5468117.698183046]",[],,,,AMBIGUOUS_MATCH_REJECTED,matcher marked ambiguous
128361166,path,traffic_signals,4,31.443,"[836275.626, 5467335.969]","[836291.0197111822, 5467338.950703132]","[836260.0923873762, 5467333.936502599]",[],,,,AMBIGUOUS_MATCH_REJECTED,matcher marked ambiguous
168243635,footway,unmarked,3,33.099,"[840226.062, 5466302.104]","[840213.6501766968, 5466296.871970141]","[840244.217160446, 5466309.55578578]",[],,,,OUTSIDE_MAP_SCOPE,no road within match threshold
175770994,footway,marked,3,24.708,"[836875.922, 5467598.708]","[836886.8919653778, 5467605.083089289]","[836865.5303445023, 5467592.666735007]",[],,,,AMBIGUOUS_MATCH_REJECTED,matcher marked ambiguous
175770998,footway,marked,3,29.68,"[836897.593, 5467590.335]","[836905.338176305, 5467577.28370747]","[836890.3226135725, 5467602.880545709]",[],,,,AMBIGUOUS_MATCH_REJECTED,matcher marked ambiguous
203133166,footway,unmarked,3,9.867,"[838361.023, 5468613.858]","[838355.9321582007, 5468613.153073432]","[838365.7065814567, 5468614.501920634]",[],,,,OUTSIDE_MAP_SCOPE,no road within match threshold
245375073,footway,traffic_signals,2,11.386,"[838322.908, 5468123.378]","[838317.4823000883, 5468121.652430082]","[838328.3327623529, 5468125.104473538]",[],,,,AMBIGUOUS_MATCH_REJECTED,matcher marked ambiguous
317613599,footway,traffic_signals,6,25.269,"[839005.059, 5467952.77]","[839002.155864405, 5467961.476736378]","[839012.7716294854, 5467939.343995542]","[""70396""]",18.903,-3.0,7.41,INSERTED,matched road=70396 s=18.903 t=-3.0 dist=7.41
317613600,footway,traffic_signals,7,30.393,"[838990.031, 5467949.256]","[839002.1287801733, 5467955.833832401]","[838974.8575261332, 5467942.7480551405]","[""70382"", ""70396""]",25.536,-4.4,12.294,DUPLICATE_MERGED,"matched to 2 roads: ['70382', '70396']"
333438883,footway,traffic_signals,5,33.145,"[842552.632, 5465214.312]","[842536.6554781239, 5465221.2183535695]","[842567.1979866032, 5465209.899522278]","[""69845""]",0.0,-4.4,6.198,INSERTED,matched road=69845 s=0.0 t=-4.4 dist=6.198
337986521,footway,traffic_signals,3,27.457,"[843658.436, 5465305.388]","[843646.1447216778, 5465299.123134383]","[843670.5825611154, 5465311.638409261]",[],,,,AMBIGUOUS_MATCH_REJECTED,matcher marked ambiguous
339417560,footway,traffic_signals,3,26.556,"[843638.406, 5465343.817]","[843650.2337855952, 5465349.451233569]","[843626.2597346744, 5465338.0281407265]",[],,,,AMBIGUOUS_MATCH_REJECTED,matcher marked ambiguous
397807429,footway,traffic_signals,3,14.593,"[838029.742, 5463653.123]","[838036.4343113161, 5463651.793056658]","[838022.1212309705, 5463654.637149947]","[""43848""]",46.32,-4.4,5.648,INSERTED,matched road=43848 s=46.32 t=-4.4 dist=5.648
710645369,footway,uncontrolled,3,17.103,"[837796.468, 5468857.578]","[837791.3718639206, 5468851.359069511]","[837802.1876761398, 5468864.607342424]","[""42870""]",62.037,-7.4,6.993,INSERTED,matched road=42870 s=62.037 t=-7.4 dist=6.993
767516505,path,uncontrolled,3,23.474,"[843221.237, 5465690.669]","[843217.3825496809, 5465701.220008943]","[843225.4027785927, 5465679.1589185465]",[],,,,AMBIGUOUS_MATCH_REJECTED,matcher marked ambiguous
767516506,footway,uncontrolled,3,22.905,"[843190.27, 5465678.516]","[843185.6418545801, 5465688.5788801415]","[843195.2678608437, 5465667.795534419]",[],,,,AMBIGUOUS_MATCH_REJECTED,matcher marked ambiguous
770850184,footway,marked,6,18.494,"[838351.498, 5468788.189]","[838360.1024950447, 5468783.887926244]","[838343.5595988953, 5468792.152628067]",[],,,,OUTSIDE_MAP_SCOPE,no road within match threshold
770850191,footway,marked,3,10.212,"[838346.984, 5468714.473]","[838351.6112656499, 5468714.729762644]","[838341.4545956642, 5468713.924123788]",[],,,,OUTSIDE_MAP_SCOPE,no road within match threshold
812643945,footway,traffic_signals,2,9.307,"[838379.23, 5468397.738]","[838378.235721794, 5468402.284279342]","[838380.2242802809, 5468393.192421559]",[],,,,AMBIGUOUS_MATCH_REJECTED,matcher marked ambiguous
814692001,footway,traffic_signals,4,10.114,"[838983.528, 5467916.678]","[838980.6421802525, 5467921.5147083765]","[838985.8243812859, 5467912.828820711]","[""70390""]",0.0,-4.4,3.0,INSERTED,matched road=70390 s=0.0 t=-4.4 dist=3.0
814692002,footway,traffic_signals,2,9.151,"[839014.916, 5467935.302]","[839012.7716294854, 5467939.343995542]","[839017.0600548505, 5467931.259730132]",[],,,,AMBIGUOUS_MATCH_REJECTED,matcher marked ambiguous
815412593,footway,traffic_signals,2,11.277,"[838383.925, 5468410.586]","[838389.460474628, 5468411.659014154]","[838378.3898413124, 5468409.511996763]",[],,,,AMBIGUOUS_MATCH_REJECTED,matcher marked ambiguous
815412594,footway,traffic_signals,2,6.983,"[838392.911, 5468412.189]","[838389.460474628, 5468411.659014154]","[838396.3624756766, 5468412.71892745]",[],,,,AMBIGUOUS_MATCH_REJECTED,matcher marked ambiguous
815412596,footway,traffic_signals,3,13.525,"[838381.615, 5468386.948]","[838383.1670663101, 5468379.991018759]","[838380.2242802809, 5468393.192421559]","[""67417""]",1.823,-7.4,8.146,INSERTED,matched road=67417 s=1.823 t=-7.4 dist=8.146
815412598,footway,traffic_signals,2,16.938,"[838407.915, 5468395.306]","[838406.9594164351, 5468403.720930201]","[838408.8714309533, 5468386.891240855]",[],,,,AMBIGUOUS_MATCH_REJECTED,matcher marked ambiguous
815412599,footway,traffic_signals,2,8.767,"[838406.129, 5468408.025]","[838406.9594164351, 5468403.720930201]","[838405.2991715823, 5468412.329436337]","[""44605"", ""68649""]",25.205,-7.4,0.0,DUPLICATE_MERGED,"matched to 2 roads: ['44605', '68649']"
815412609,footway,uncontrolled,3,24.036,"[837968.695, 5468683.209]","[837958.8515341426, 5468676.526067662]","[837978.7291609985, 5468690.038953734]","[""43964""]",78.509,-13.4,11.584,INSERTED,matched road=43964 s=78.509 t=-13.4 dist=11.584
815412616,footway,uncontrolled,2,25.516,"[837950.573, 5468686.234]","[837942.2954594188, 5468695.942119288]","[837958.8515341426, 5468676.526067662]",[],,,,AMBIGUOUS_MATCH_REJECTED,matcher marked ambiguous
815412617,footway,uncontrolled,3,17.884,"[837936.243, 5468719.933]","[837943.6865536981, 5468724.550297744]","[837928.4488860471, 5468715.191035664]",[],,,,AMBIGUOUS_MATCH_REJECTED,matcher marked ambiguous
816754719,footway,traffic_signals,4,35.764,"[840295.674, 5466269.204]","[840302.4429045783, 5466285.40926866]","[840288.098307134, 5466252.682711721]",[],,,,AMBIGUOUS_MATCH_REJECTED,matcher marked ambiguous
816754720,footway,traffic_signals,5,31.339,"[840299.384, 5466246.492]","[840288.098307134, 5466252.682711721]","[840315.9495341439, 5466238.993599351]",[],,,,AMBIGUOUS_MATCH_REJECTED,matcher marked ambiguous
816754721,footway,traffic_signals,5,29.347,"[840327.275, 5466259.681]","[840321.7571771453, 5466244.506546474]","[840332.0497605318, 5466271.964709726]","[""68861""]",0.0,-4.4,21.088,INSERTED,matched road=68861 s=0.0 t=-4.4 dist=21.088
816754722,footway,traffic_signals,5,30.114,"[840317.091, 5466281.756]","[840331.0913471027, 5466276.981387329]","[840302.4429045783, 5466285.40926866]","[""49331""]",103.242,-7.4,8.167,INSERTED,matched road=49331 s=103.242 t=-7.4 dist=8.167
822603353,footway,marked,3,15.562,"[838093.863, 5463784.98]","[838086.2518748818, 5463788.461644917]","[838100.4462478075, 5463782.094254953]","[""49126""]",30.939,-4.4,9.552,INSERTED,matched road=49126 s=30.939 t=-4.4 dist=9.552
822603362,footway,unmarked,3,15.061,"[838138.298, 5463873.832]","[838144.6913065747, 5463870.928986883]","[838130.9877122189, 5463877.177796832]","[""69980""]",14.983,-3.0,1.569,INSERTED,matched road=69980 s=14.983 t=-3.0 dist=1.569
822603365,footway,unmarked,3,14.115,"[838125.91, 5463850.284]","[838118.9239182789, 5463853.71376024]","[838131.565811453, 5463847.440035669]","[""69986""]",17.703,-3.0,4.053,INSERTED,matched road=69986 s=17.703 t=-3.0 dist=4.053
823880352,footway,unmarked,3,8.394,"[838570.391, 5468345.224]","[838566.2242871597, 5468344.700582781]","[838574.5525833649, 5468345.750511026]",[],,,,AMBIGUOUS_MATCH_REJECTED,matcher marked ambiguous
832481040,footway,unmarked,4,10.23,"[838375.737, 5468603.923]","[838374.9607379301, 5468608.862406345]","[838376.548572215, 5468598.756658619]",[],,,,OUTSIDE_MAP_SCOPE,no road within match threshold
832481041,footway,unmarked,4,31.726,"[838342.085, 5468710.463]","[838340.4532952636, 5468723.574399041]","[838344.6079318074, 5468692.132239392]",[],,,,OUTSIDE_MAP_SCOPE,no road within match threshold
833624970,footway,unmarked,6,15.407,"[838386.165, 5468535.644]","[838384.7319398616, 5468543.511304235]","[838387.4921891069, 5468528.353458056]","[""49395"", ""49397""]",51.933,-7.4,9.827,DUPLICATE_MERGED,"matched to 2 roads: ['49395', '49397']"
833624971,footway,unmarked,6,17.23,"[838359.02, 5468532.316]","[838357.7773477434, 5468541.242840517]","[838360.1598871782, 5468524.178324229]","[""49574"", ""72485""]",93.581,-7.4,7.381,DUPLICATE_MERGED,"matched to 2 roads: ['49574', '72485']"
833624972,footway,unmarked,3,20.686,"[838370.391, 5468542.293]","[838380.3005087264, 5468543.019577283]","[838359.6745221871, 5468541.882770093]","[""72479""]",0.0,-4.4,3.333,INSERTED,matched road=72479 s=0.0 t=-4.4 dist=3.333
833624976,footway,unmarked,3,8.46,"[838366.636, 5468575.812]","[838370.7998591461, 5468576.338404005]","[838362.4059947799, 5468575.278724222]",[],,,,OUTSIDE_MAP_SCOPE,no road within match threshold
852873995,footway,uncontrolled,4,14.692,"[838023.138, 5468708.562]","[838025.2456388313, 5468703.002721461]","[838021.4386846286, 5468716.764892268]",[],,,,OUTSIDE_MAP_SCOPE,no road within match threshold
857631237,footway,traffic_signals,3,10.55,"[839167.71, 5465168.538]","[839163.8615034049, 5465172.238267229]","[839171.3835127475, 5465164.849110072]","[""69387""]",21.813,-4.4,5.269,INSERTED,matched road=69387 s=21.813 t=-4.4 dist=5.269
865774603,path,unmarked,6,23.457,"[843182.594, 5466302.681]","[843193.5722672377, 5466305.821357395]","[843171.1921490204, 5466299.124914269]",[],,,,AMBIGUOUS_MATCH_REJECTED,matcher marked ambiguous
865774606,path,unmarked,4,14.524,"[843217.398, 5466277.867]","[843217.9089845408, 5466270.659829044]","[843217.1230599387, 5466285.144357329]","[""49212""]",0.76,-4.4,7.798,INSERTED,matched road=49212 s=0.76 t=-4.4 dist=7.798
865774610,footway,unmarked,4,14.103,"[843193.938, 5466250.327]","[843186.8021353118, 5466249.172562427]","[843200.7319588413, 5466251.01564203]","[""68726""]",5.361,-4.4,8.545,INSERTED,matched road=68726 s=5.361 t=-4.4 dist=8.545
882016636,footway,unmarked,3,8.585,"[838714.367, 5468676.716]","[838718.377420541, 5468677.249675283]","[838709.8674802727, 5468676.115065289]",[],,,,OUTSIDE_MAP_SCOPE,no road within match threshold
885891572,footway,marked,3,11.784,"[839467.867, 5468423.784]","[839464.3247602803, 5468429.028219524]","[839470.923899544, 5468419.264752166]","[""44521""]",5.213,-7.4,13.55,INSERTED,matched road=44521 s=5.213 t=-7.4 dist=13.55
885891576,footway,traffic_signals,3,17.448,"[838975.777, 5467929.924]","[838972.1151305764, 5467936.715114125]","[838980.6421802525, 5467921.5147083765]",[],,,,AMBIGUOUS_MATCH_REJECTED,matcher marked ambiguous
885891587,footway,unmarked,2,6.031,"[838874.875, 5468515.396]","[838877.6045247063, 5468516.678322666]","[838872.1460658462, 5468514.11268042]",[],,,,AMBIGUOUS_MATCH_REJECTED,matcher marked ambiguous
887476712,footway,unmarked,2,7.798,"[838881.164, 5468518.269]","[838884.7239474532, 5468519.859524048]","[838877.6045247063, 5468516.678322666]",[],,,,AMBIGUOUS_MATCH_REJECTED,matcher marked ambiguous
888409629,footway,traffic_signals,3,23.64,"[843636.444, 5465317.879]","[843631.1528700342, 5465327.904132812]","[843642.1182865502, 5465306.962402818]",[],,,,AMBIGUOUS_MATCH_REJECTED,matcher marked ambiguous
888409633,footway,traffic_signals,5,31.847,"[842542.624, 5465243.232]","[842550.385346893, 5465254.154193836]","[842533.5782946817, 5465227.568754719]",[],,,,AMBIGUOUS_MATCH_REJECTED,matcher marked ambiguous
888409635,footway,traffic_signals,4,26.696,"[842573.195, 5465222.244]","[842567.1979866032, 5465209.899522278]","[842578.6050398803, 5465234.004776724]","[""44675""]",59.75,-10.4,9.816,INSERTED,matched road=44675 s=59.75 t=-10.4 dist=9.816
888409636,footway,traffic_signals,4,29.52,"[842564.692, 5465248.481]","[842577.7958159812, 5465243.197474983]","[842550.385346893, 5465254.154193836]",[],,,,AMBIGUOUS_MATCH_REJECTED,matcher marked ambiguous
891546830,footway,unmarked,3,4.153,"[837888.753, 5463370.718]","[837886.7793039983, 5463371.69365695]","[837890.5026487189, 5463369.853020656]","[""49378""]",21.129,-4.4,5.247,INSERTED,matched road=49378 s=21.129 t=-4.4 dist=5.247
899618627,footway,uncontrolled,3,12.404,"[837827.657, 5468891.747]","[837825.2626159664, 5468886.683000021]","[837830.5538769518, 5468897.901263328]",[],,,,OUTSIDE_MAP_SCOPE,no road within match threshold
954049852,footway,uncontrolled,4,8.115,"[837309.165, 5469160.418]","[837311.3280086169, 5469164.46722523]","[837307.4465408218, 5469157.343514214]",[],,,,OUTSIDE_MAP_SCOPE,no road within match threshold
1021661423,footway,unmarked,3,11.408,"[838363.947, 5468596.997]","[838369.5933177855, 5468597.802071093]","[838358.2995898465, 5468596.188368314]",[],,,,OUTSIDE_MAP_SCOPE,no road within match threshold
1028458468,footway,unmarked,2,18.18,"[837273.965, 5469204.063]","[837280.0602295899, 5469197.31881245]","[837267.8707572041, 5469210.807178824]",[],,,,OUTSIDE_MAP_SCOPE,no road within match threshold
1040556557,footway,marked,3,19.588,"[840191.566, 5467148.048]","[840200.23682803, 5467151.806910919]","[840182.322084393, 5467143.895369447]",[],,,,AMBIGUOUS_MATCH_REJECTED,matcher marked ambiguous
1040640680,footway,marked,3,23.895,"[839925.766, 5465386.224]","[839914.5295924756, 5465381.6031469265]","[839936.6197394686, 5465390.714339015]",[],,,,AMBIGUOUS_MATCH_REJECTED,matcher marked ambiguous
1040640681,footway,marked,3,25.263,"[839941.751, 5465357.294]","[839930.9548012238, 5465352.082513111]","[839953.7059873785, 5465363.06421589]",[],,,,AMBIGUOUS_MATCH_REJECTED,matcher marked ambiguous
1040640682,footway,marked,3,33.782,"[839922.705, 5465366.917]","[839914.5295924756, 5465381.6031469265]","[839930.9548012238, 5465352.082513111]",[],,,,AMBIGUOUS_MATCH_REJECTED,matcher marked ambiguous
1040640684,footway,marked,4,32.96,"[839944.939, 5465379.014]","[839953.7059873785, 5465363.06421589]","[839936.6197394686, 5465390.714339015]",[],,,,AMBIGUOUS_MATCH_REJECTED,matcher marked ambiguous
1042215664,footway,marked,3,10.17,"[837574.143, 5469011.566]","[837572.0989476119, 5469006.986735559]","[837576.2280759986, 5469016.281129962]",[],,,,OUTSIDE_MAP_SCOPE,no road within match threshold
1042215665,footway,marked,3,8.788,"[837573.888, 5469021.901]","[837577.5825298837, 5469019.754101634]","[837569.9850629758, 5469024.17116065]",[],,,,OUTSIDE_MAP_SCOPE,no road within match threshold
1042219117,footway,marked,3,14.067,"[840487.4, 5464002.891]","[840493.2905761383, 5464006.131807886]","[840480.9629439821, 5463999.355470175]",[],,,,AMBIGUOUS_MATCH_REJECTED,matcher marked ambiguous
1042219118,footway,marked,3,13.304,"[838729.928, 5464025.122]","[838733.518139898, 5464019.744816185]","[838726.1288172196, 5464030.8079825975]","[""65295""]",0.0,-3.0,0.34,INSERTED,matched road=65295 s=0.0 t=-3.0 dist=0.34
1042219119,footway,marked,3,13.756,"[838746.231, 5464036.162]","[838741.9211015329, 5464041.554829195]","[838750.3655643367, 5464030.708547212]",[],,,,AMBIGUOUS_MATCH_REJECTED,matcher marked ambiguous
1042219121,cycleway,traffic_signals,3,19.105,"[838734.349, 5464036.336]","[838741.9211015329, 5464041.554829195]","[838726.1288172196, 5464030.8079825975]",[],,,,AMBIGUOUS_MATCH_REJECTED,matcher marked ambiguous
1042219123,cycleway,traffic_signals,4,20.102,"[838741.347, 5464024.884]","[838733.518139898, 5464019.744816185]","[838750.3655643367, 5464030.708547212]",[],,,,AMBIGUOUS_MATCH_REJECTED,matcher marked ambiguous
1043366193,footway,marked,3,7.989,"[839475.56, 5468412.743]","[839473.1644697022, 5468415.725266022]","[839478.1685248541, 5468409.497362682]","[""48986""]",128.152,-10.4,0.267,INSERTED,matched road=48986 s=128.152 t=-10.4 dist=0.267
1043366198,footway,marked,3,18.889,"[839450.528, 5468422.028]","[839458.2025208295, 5468427.177917344]","[839442.5582980168, 5468416.595131254]",[],,,,AMBIGUOUS_MATCH_REJECTED,matcher marked ambiguous
1050386657,footway,marked,4,19.661,"[836231.373, 5467610.424]","[836241.5680927888, 5467611.375817562]","[836221.9949314665, 5467609.522275839]","[""45439""]",6.121,-7.4,11.587,INSERTED,matched road=45439 s=6.121 t=-7.4 dist=11.587
1051861790,footway,marked,3,12.333,"[839595.99, 5465381.417]","[839594.8786873516, 5465387.480877121]","[839597.0463879699, 5465375.341414761]",[],,,,AMBIGUOUS_MATCH_REJECTED,matcher marked ambiguous
1052297355,footway,unmarked,4,9.604,"[838721.373, 5468653.536]","[838722.0740900896, 5468647.995392811]","[838720.86580854, 5468657.523547959]",[],,,,OUTSIDE_MAP_SCOPE,no road within match threshold
1052297356,footway,unmarked,4,9.793,"[838713.236, 5468652.574]","[838714.0297563028, 5468646.954248327]","[838712.6535944685, 5468656.649759738]",[],,,,OUTSIDE_MAP_SCOPE,no road within match threshold
1052297357,footway,unmarked,4,8.543,"[838716.257, 5468657.583]","[838720.6277132129, 5468659.336686579]","[838712.6535944685, 5468656.649759738]",[],,,,OUTSIDE_MAP_SCOPE,no road within match threshold
1053732601,footway,unmarked,4,7.437,"[838170.952, 5468628.871]","[838170.4574280257, 5468632.401192611]","[838171.4862476012, 5468625.03554783]",[],,,,OUTSIDE_MAP_SCOPE,no road within match threshold
1065435249,footway,unmarked,3,3.683,"[837894.118, 5463368.083]","[837892.4317164111, 5463368.908885815]","[837895.7332771436, 5463367.276584313]","[""49379""]",19.036,-4.4,0.848,INSERTED,matched road=49379 s=19.036 t=-4.4 dist=0.848
1084686582,footway,marked,4,18.551,"[837592.946, 5469341.035]","[837586.5743016055, 5469344.0549861705]","[837603.3585868416, 5469336.154465604]",[],,,,OUTSIDE_MAP_SCOPE,no road within match threshold
1085423837,footway,marked,4,27.481,"[836893.025, 5467570.947]","[836905.338176305, 5467577.28370747]","[836880.9039051996, 5467564.707759014]",[],,,,AMBIGUOUS_MATCH_REJECTED,matcher marked ambiguous
1086054569,footway,traffic_signals,3,25.094,"[838194.022, 5468365.502]","[838205.0491057019, 5468372.42563534]","[838183.7742391347, 5468359.119723111]",[],,,,AMBIGUOUS_MATCH_REJECTED,matcher marked ambiguous
1086054571,footway,traffic_signals,3,23.082,"[838216.468, 5468329.796]","[838207.1223064887, 5468324.318942759]","[838226.8868467653, 5468336.215605819]",[],,,,AMBIGUOUS_MATCH_REJECTED,matcher marked ambiguous
1086054572,footway,traffic_signals,4,30.854,"[838216.048, 5468354.472]","[838224.1658517397, 5468340.850963399]","[838208.2590637871, 5468367.285934308]",[],,,,AMBIGUOUS_MATCH_REJECTED,matcher marked ambiguous
1112444444,footway,unmarked,3,16.609,"[840252.392, 5464807.411]","[840257.1820524134, 5464801.671723052]","[840246.4267998628, 5464814.320664825]",[],,,,AMBIGUOUS_MATCH_REJECTED,matcher marked ambiguous
1148941115,footway,unmarked,4,16.078,"[839633.079, 5466999.891]","[839641.1121895234, 5467000.383367733]","[839625.0618101569, 5466999.542254341]",[],,,,AMBIGUOUS_MATCH_REJECTED,matcher marked ambiguous
1180627127,footway,unmarked,3,10.694,"[839449.773, 5465412.497]","[839445.8312385301, 5465408.45289857]","[839453.295079751, 5465416.11089645]",[],,,,AMBIGUOUS_MATCH_REJECTED,matcher marked ambiguous
1180627128,footway,unmarked,3,14.018,"[839315.917, 5465359.49]","[839309.1586588763, 5465358.95807966]","[839323.1329509214, 5465360.060241864]",[],,,,AMBIGUOUS_MATCH_REJECTED,matcher marked ambiguous
1182767734,footway,unmarked,3,11.399,"[840145.949, 5464760.96]","[840145.2899036144, 5464766.888346608]","[840146.4881015476, 5464755.554414765]",[],,,,AMBIGUOUS_MATCH_REJECTED,matcher marked ambiguous
1182767736,footway,unmarked,3,15.233,"[840090.623, 5464981.425]","[840089.2268976582, 5464988.481663054]","[840091.8491554556, 5464973.506666545]","[""61451""]",0.917,-4.4,2.622,INSERTED,matched road=61451 s=0.917 t=-4.4 dist=2.622
1182767739,footway,unmarked,3,11.91,"[839954.061, 5465302.259]","[839951.9938101011, 5465307.515327584]","[839956.4065855875, 5465296.454646366]",[],,,,AMBIGUOUS_MATCH_REJECTED,matcher marked ambiguous
1182767741,footway,unmarked,3,13.8,"[840039.556, 5465107.81]","[840037.0934808794, 5465113.9256400755]","[840042.1586594483, 5465101.092084292]",[],,,,AMBIGUOUS_MATCH_REJECTED,matcher marked ambiguous
1182938514,footway,unmarked,3,14.603,"[838711.568, 5468700.528]","[838705.8154788194, 5468706.030103779]","[838716.3693240319, 5468695.936938137]",[],,,,OUTSIDE_MAP_SCOPE,no road within match threshold
1182938517,footway,uncontrolled,3,10.102,"[837468.285, 5469061.264]","[837466.3200403698, 5469056.628657557]","[837470.3010097946, 5469065.911800491]",[],,,,OUTSIDE_MAP_SCOPE,no road within match threshold
1182938519,footway,uncontrolled,3,8.343,"[837276.83, 5469194.613]","[837273.6140127812, 5469192.029490622]","[837280.0602295899, 5469197.31881245]",[],,,,OUTSIDE_MAP_SCOPE,no road within match threshold
1182938520,footway,unmarked,3,6.279,"[838040.949, 5468612.073]","[838042.713381297, 5468609.459577264]","[838039.2912023508, 5468614.71456216]",[],,,,AMBIGUOUS_MATCH_REJECTED,matcher marked ambiguous
1182938521,footway,uncontrolled,3,23.713,"[837935.542, 5468705.26]","[837928.4488860471, 5468715.191035664]","[837942.2954594188, 5468695.942119288]",[],,,,AMBIGUOUS_MATCH_REJECTED,matcher marked ambiguous
1182938523,footway,uncontrolled,3,18.887,"[837972.475, 5468702.87]","[837979.3841602444, 5468696.389615138]","[837965.5808101149, 5468709.28039934]",[],,,,AMBIGUOUS_MATCH_REJECTED,matcher marked ambiguous
1182938525,footway,uncontrolled,3,7.476,"[837949.807, 5468728.399]","[837953.5008789449, 5468730.669507155]","[837947.1397793349, 5468726.742433758]",[],,,,AMBIGUOUS_MATCH_REJECTED,matcher marked ambiguous
1182938528,footway,uncontrolled,3,12.131,"[837822.047, 5468849.713]","[837826.664913174, 5468845.996799931]","[837817.2050669674, 5468853.591112794]",[],,,,OUTSIDE_MAP_SCOPE,no road within match threshold
1183958165,footway,unmarked,3,7.446,"[838173.006, 5468560.965]","[838169.1927075859, 5468560.268747882]","[838176.5168559855, 5468561.608118444]",[],,,,OUTSIDE_MAP_SCOPE,no road within match threshold
1183958167,footway,unmarked,3,8.059,"[838177.15, 5468532.937]","[838172.9334045717, 5468532.382997057]","[838180.9231302458, 5468533.43771819]",[],,,,OUTSIDE_MAP_SCOPE,no road within match threshold
1183958168,footway,unmarked,2,5.09,"[838242.529, 5468564.329]","[838241.924483325, 5468566.80099294]","[838243.1329233819, 5468561.856481033]",[],,,,OUTSIDE_MAP_SCOPE,no road within match threshold
1183958169,footway,unmarked,2,5.115,"[838243.513, 5468559.328]","[838243.8937324573, 5468556.798591497]","[838243.1329233819, 5468561.856481033]",[],,,,OUTSIDE_MAP_SCOPE,no road within match threshold
1183958178,footway,unmarked,3,7.694,"[838914.698, 5468329.074]","[838913.8593213878, 5468333.227938158]","[838915.4024720148, 5468325.690753424]","[""69222""]",14.158,-3.0,1.057,INSERTED,matched road=69222 s=14.158 t=-3.0 dist=1.057
1183958179,footway,traffic_signals,3,15.703,"[838999.593, 5467917.826]","[838993.4497803263, 5467913.772353692]","[839006.1779768642, 5467922.83219513]",[],,,,AMBIGUOUS_MATCH_REJECTED,matcher marked ambiguous
1183958180,footway,traffic_signals,2,7.159,"[839008.566, 5467925.498]","[839006.1779768642, 5467922.83219513]","[839010.9540606505, 5467928.164536591]",[],,,,AMBIGUOUS_MATCH_REJECTED,matcher marked ambiguous
1189564732,path,unmarked,4,18.176,"[843163.797, 5466269.272]","[843160.9493846355, 5466278.882788098]","[843166.6024267639, 5466261.759754328]","[""49216""]",0.999,-4.4,11.105,INSERTED,matched road=49216 s=0.999 t=-4.4 dist=11.105
1189564734,footway,unmarked,3,8.647,"[843208.46, 5466249.071]","[843204.6221497877, 5466250.599646658]","[843212.1969225968, 5466246.887992423]",[],,,,AMBIGUOUS_MATCH_REJECTED,matcher marked ambiguous
1189564736,path,unmarked,3,10.538,"[843221.445, 5466264.13]","[843225.1528200376, 5466259.237949337]","[843219.1614100185, 5466267.764471207]","[""49206""]",12.099,-4.4,11.009,INSERTED,matched road=49206 s=12.099 t=-4.4 dist=11.009
1189564740,footway,unmarked,3,8.66,"[843183.385, 5466240.333]","[843183.9044988763, 5466244.758465297]","[843182.922114359, 5466236.1544384975]","[""68709""]",8.426,-4.4,3.392,INSERTED,matched road=68709 s=8.426 t=-4.4 dist=3.392
1189565562,footway,traffic_signals,3,28.662,"[843661.188, 5465330.452]","[843668.7947470513, 5465317.890406168]","[843654.1377217406, 5465342.512442656]",[],,,,AMBIGUOUS_MATCH_REJECTED,matcher marked ambiguous
1189565564,footway,traffic_signals,3,15.811,"[843479.546, 5464876.32]","[843477.9784479449, 5464869.646424983]","[843481.5874995022, 5464885.040220998]","[""44670""]",7.435,-7.4,0.167,INSERTED,matched road=44670 s=7.435 t=-7.4 dist=0.167
1189565566,footway,traffic_signals,4,25.751,"[843447.938, 5464894.576]","[843434.7110291327, 5464898.309990189]","[843459.4993046066, 5464891.336471258]",[],,,,AMBIGUOUS_MATCH_REJECTED,matcher marked ambiguous
1189565570,footway,unmarked,3,15.898,"[840225.766, 5466278.72]","[840219.3610162511, 5466283.989346429]","[840231.8666005548, 5466274.273602317]",[],,,,AMBIGUOUS_MATCH_REJECTED,matcher marked ambiguous
1193072819,footway,uncontrolled,3,7.712,"[839513.294, 5467719.914]","[839516.3784991791, 5467720.7346045]","[839508.9259313658, 5467718.750204873]","[""50691""]",13.882,-4.4,3.882,INSERTED,matched road=50691 s=13.882 t=-4.4 dist=3.882
1193072820,footway,uncontrolled,2,2.312,"[839507.817, 5467718.423]","[839508.9259313658, 5467718.750204873]","[839506.708232416, 5467718.095233165]","[""50693""]",28.664,-4.4,3.583,INSERTED,matched road=50693 s=28.664 t=-4.4 dist=3.583
1210272943,footway,uncontrolled,4,12.146,"[838846.115, 5464813.163]","[838850.3894657656, 5464809.038202647]","[838841.5869077024, 5464817.40190202]","[""44575""]",10.081,-4.4,3.48,INSERTED,matched road=44575 s=10.081 t=-4.4 dist=3.48
1210312503,footway,uncontrolled,4,24.352,"[840372.794, 5466434.521]","[840374.3162566889, 5466422.005514204]","[840371.3726645326, 5466446.1788656935]",[],,,,AMBIGUOUS_MATCH_REJECTED,matcher marked ambiguous
1228500055,path,unmarked,3,14.209,"[843154.674, 5466258.146]","[843147.1203285547, 5466259.522992634]","[843160.6889877187, 5466256.261116427]",[],,,,AMBIGUOUS_MATCH_REJECTED,matcher marked ambiguous
1231643350,footway,unmarked,3,16.749,"[838758.848, 5463990.692]","[838753.7352150206, 5463997.729160828]","[838763.5804828844, 5463984.179786268]",[],,,,AMBIGUOUS_MATCH_REJECTED,matcher marked ambiguous
1231643352,footway,traffic_signals,3,8.117,"[838730.354, 5464042.586]","[838726.751640941, 5464040.250884572]","[838733.5627108386, 5464044.665462003]","[""65299""]",1.978,-3.0,0.308,INSERTED,matched road=65299 s=1.978 t=-3.0 dist=0.308
1231643354,footway,traffic_signals,3,13.556,"[838744.338, 5464022.4]","[838738.3710038605, 5464018.62074694]","[838749.8239064786, 5464025.872728599]","[""65291""]",13.431,-3.0,4.881,INSERTED,matched road=65291 s=13.431 t=-3.0 dist=4.881
1231643358,footway,unmarked,3,18.814,"[838868.477, 5463823.007]","[838871.1975669725, 5463814.623735805]","[838865.3897659526, 5463832.518446012]",[],,,,AMBIGUOUS_MATCH_REJECTED,matcher marked ambiguous
1231643361,footway,uncontrolled,3,22.822,"[838912.957, 5463648.168]","[838915.1181255619, 5463637.441737196]","[838910.5534522602, 5463659.802281734]",[],,,,AMBIGUOUS_MATCH_REJECTED,matcher marked ambiguous
1251945014,footway,uncontrolled,3,16.653,"[840728.053, 5465073.913]","[840723.7561835918, 5465081.012485064]","[840732.5335915867, 5465066.871898796]",[],,,,AMBIGUOUS_MATCH_REJECTED,matcher marked ambiguous
1251945016,footway,uncontrolled,3,10.0,"[840730.887, 5464797.927]","[840728.3554530034, 5464802.367263283]","[840733.3090341795, 5464793.680948566]","[""44260""]",112.842,-4.4,5.308,INSERTED,matched road=44260 s=112.842 t=-4.4 dist=5.308
1251945018,footway,uncontrolled,4,32.66,"[840833.499, 5464858.661]","[840825.7586119735, 5464875.362179625]","[840839.6509344793, 5464845.80885515]",[],,,,AMBIGUOUS_MATCH_REJECTED,matcher marked ambiguous
1251945020,footway,unmarked,3,35.312,"[840707.609, 5464790.062]","[840722.3596077855, 5464798.720453365]","[840691.9054590737, 5464780.845422058]",[],,,,AMBIGUOUS_MATCH_REJECTED,matcher marked ambiguous
1251945025,footway,unmarked,6,23.551,"[840583.582, 5464687.585]","[840586.0312702841, 5464698.40704113]","[840581.7866289055, 5464675.3072184315]","[""43768"", ""45735""]",76.877,-4.4,4.174,DUPLICATE_MERGED,"matched to 2 roads: ['43768', '45735']"
1251945026,footway,unmarked,3,9.059,"[840573.481, 5464692.073]","[840571.9003613074, 5464688.156080936]","[840575.2896160972, 5464696.557282493]",[],,,,OUTSIDE_MAP_SCOPE,no road within match threshold
1268446123,footway,uncontrolled,3,4.259,"[840451.472, 5464111.322]","[840449.450002844, 5464110.439995807]","[840453.3572260555, 5464112.134786241]",[],,,,OUTSIDE_MAP_SCOPE,no road within match threshold
1268446125,footway,uncontrolled,3,4.239,"[840489.643, 5464118.425]","[840488.7278089846, 5464120.509562279]","[840490.4289749513, 5464116.626981865]",[],,,,OUTSIDE_MAP_SCOPE,no road within match threshold
1272842061,footway,traffic_signals,3,13.509,"[843475.994, 5464860.833]","[843474.1454271557, 5464852.868068178]","[843477.1870322261, 5464866.030506351]","[""44662""]",87.226,-13.4,9.823,INSERTED,matched road=44662 s=87.226 t=-13.4 dist=9.823
1272842063,footway,traffic_signals,3,19.257,"[843470.266, 5464888.275]","[843463.0643514013, 5464890.303377179]","[843481.5874995022, 5464885.040220998]","[""69819""]",7.8,-6.0,1.543,INSERTED,matched road=69819 s=7.8 t=-6.0 dist=1.543
1272842066,footway,traffic_signals,3,16.171,"[843455.102, 5464857.394]","[843463.7097658962, 5464855.201278718]","[843448.0576929962, 5464859.2573798075]",[],,,,AMBIGUOUS_MATCH_REJECTED,matcher marked ambiguous
1288620300,footway,traffic_signals,3,15.217,"[840216.606, 5470440.803]","[840214.2069623503, 5470447.70645048]","[840219.1933389104, 5470433.329826622]","[""49907""]",3.745,-4.4,6.722,INSERTED,matched road=49907 s=3.745 t=-4.4 dist=6.722
1291011970,footway,unmarked,4,18.308,"[840665.138, 5463651.667]","[840673.1185448125, 5463656.803931298]","[840657.7241492339, 5463646.894593569]",[],,,,OUTSIDE_MAP_SCOPE,no road within match threshold
1302300634,footway,unmarked,3,11.604,"[838380.123, 5467391.435]","[838384.162781783, 5467386.644674241]","[838376.681309293, 5467395.514976835]","[""49409""]",99.604,-7.4,12.996,INSERTED,matched road=49409 s=99.604 t=-7.4 dist=12.996
1302300635,footway,unmarked,3,9.762,"[838370.589, 5467401.128]","[838373.9914960834, 5467398.215075219]","[838366.5777514678, 5467404.565677303]","[""48122""]",13.682,-10.4,0.853,INSERTED,matched road=48122 s=13.682 t=-10.4 dist=0.853
1302300638,footway,unmarked,3,7.1,"[838344.455, 5467406.194]","[838347.9132634207, 5467407.1768690655]","[838341.084406624, 5467405.232183855]",[],,,,AMBIGUOUS_MATCH_REJECTED,matcher marked ambiguous
1304137978,footway,unmarked,3,9.337,"[838502.049, 5463850.854]","[838503.5543874844, 5463846.370816552]","[838500.5830276716, 5463855.222877048]","[""65277""]",13.61,-3.0,1.252,INSERTED,matched road=65277 s=13.61 t=-3.0 dist=1.252
1304137980,footway,unmarked,3,11.492,"[838513.846, 5463791.726]","[838508.312518232, 5463790.231701762]","[838519.4058176352, 5463793.2308126325]","[""60943""]",0.0,-3.0,1.968,INSERTED,matched road=60943 s=0.0 t=-3.0 dist=1.968
1304137981,footway,unmarked,7,40.03,"[838517.699, 5463779.677]","[838522.3966566522, 5463787.217951193]","[838508.0160869953, 5463786.794579439]","[""60931""]",3.548,-3.0,2.537,INSERTED,matched road=60931 s=3.548 t=-3.0 dist=2.537
1304137983,footway,unmarked,3,8.519,"[838623.308, 5463800.934]","[838627.4234219976, 5463802.4278638875]","[838619.4150057706, 5463799.522242873]","[""40448""]",2.658,-4.4,4.661,INSERTED,matched road=40448 s=2.658 t=-4.4 dist=4.661
1304137985,footway,unmarked,3,10.385,"[838551.673, 5463704.103]","[838549.9047698241, 5463709.378672901]","[838553.2070293651, 5463699.533074435]","[""60946""]",2.25,-3.0,1.608,INSERTED,matched road=60946 s=2.25 t=-3.0 dist=1.608
1304137986,footway,unmarked,3,10.373,"[838640.582, 5463728.7]","[838641.8283174421, 5463724.063905211]","[838639.1375902132, 5463734.081702439]","[""61007""]",5.219,-3.0,1.36,INSERTED,matched road=61007 s=5.219 t=-3.0 dist=1.36
1304137987,footway,unmarked,3,12.118,"[838668.002, 5463649.063]","[838662.0952017246, 5463647.37223945]","[838673.7459297682, 5463650.705764314]",[],,,,AMBIGUOUS_MATCH_REJECTED,matcher marked ambiguous
1304137990,footway,unmarked,3,8.492,"[838719.502, 5463655.165]","[838721.1901932338, 5463651.32518581]","[838717.7741308438, 5463659.100041498]","[""42000""]",41.961,-4.4,4.011,INSERTED,matched road=42000 s=41.961 t=-4.4 dist=4.011
1304137991,footway,unmarked,3,12.165,"[838767.17, 5463672.064]","[838761.3316308984, 5463669.953210149]","[838772.7697422091, 5463674.094232597]",[],,,,AMBIGUOUS_MATCH_REJECTED,matcher marked ambiguous
1304137992,footway,unmarked,3,7.928,"[838847.581, 5463691.726]","[838843.7624812768, 5463690.779541229]","[838851.4576493702, 5463692.684921489]","[""60993""]",4.33,-3.0,0.202,INSERTED,matched road=60993 s=4.33 t=-3.0 dist=0.202
1304137993,footway,unmarked,3,9.84,"[838843.7, 5463683.793]","[838842.4625450745, 5463688.664913374]","[838844.8854951549, 5463679.128347661]","[""60989""]",13.32,-3.0,1.964,INSERTED,matched road=60989 s=13.32 t=-3.0 dist=1.964
1304137994,footway,unmarked,3,9.736,"[838857.338, 5463687.198]","[838855.2792122223, 5463691.880840808]","[838859.198324018, 5463682.968439546]","[""60981""]",3.273,-3.0,1.47,INSERTED,matched road=60981 s=3.273 t=-3.0 dist=1.47
1304137995,footway,unmarked,3,7.219,"[838851.916, 5463677.979]","[838848.487467751, 5463677.496771883]","[838855.6363450056, 5463678.502388474]","[""60985""]",13.019,-3.0,0.427,INSERTED,matched road=60985 s=13.019 t=-3.0 dist=0.427
1304137996,footway,unmarked,3,17.807,"[838890.435, 5463695.447]","[838887.8914578827, 5463704.590852789]","[838892.664095174, 5463687.435277908]",[],,,,AMBIGUOUS_MATCH_REJECTED,matcher marked ambiguous
1304137997,footway,unmarked,3,19.918,"[838739.737, 5463858.329]","[838746.7149586378, 5463852.39918314]","[838731.5486207858, 5463865.311247319]",[],,,,AMBIGUOUS_MATCH_REJECTED,matcher marked ambiguous
1304138000,footway,unmarked,3,14.105,"[838399.688, 5463739.169]","[838392.570724313, 5463740.9408238]","[838406.0041042664, 5463737.022569349]",[],,,,AMBIGUOUS_MATCH_REJECTED,matcher marked ambiguous
1304138002,footway,unmarked,3,12.195,"[838702.463, 5463829.059]","[838696.609712197, 5463831.646186409]","[838707.7191831718, 5463826.627183871]","[""42010""]",163.775,-4.4,7.006,INSERTED,matched road=42010 s=163.775 t=-4.4 dist=7.006
1304138004,footway,unmarked,3,10.979,"[838797.679, 5463598.882]","[838792.2420825199, 5463600.424551809]","[838802.6816040887, 5463597.15317845]","[""46875""]",61.895,-4.4,5.894,INSERTED,matched road=46875 s=61.895 t=-4.4 dist=5.894
1304138005,footway,unmarked,3,12.755,"[838862.19, 5463616.286]","[838861.1282612608, 5463622.689609488]","[838863.2180399153, 5463610.107355239]",[],,,,AMBIGUOUS_MATCH_REJECTED,matcher marked ambiguous
1304138006,footway,unmarked,3,12.554,"[838877.376, 5463447.615]","[838871.0309664251, 5463448.615171153]","[838883.431938264, 5463446.662610929]",[],,,,AMBIGUOUS_MATCH_REJECTED,matcher marked ambiguous
1310466524,footway,unmarked,3,10.663,"[836499.688, 5460578.113]","[836501.505153196, 5460573.343805917]","[836497.7089457053, 5460583.307993838]","[""48282""]",578.013,-4.4,6.445,INSERTED,matched road=48282 s=578.013 t=-4.4 dist=6.445
1310466528,footway,unmarked,3,9.565,"[836524.136, 5460497.134]","[836528.5123491636, 5460498.29454555]","[836519.2669906882, 5460495.841621442]","[""48282""]",498.941,-4.4,4.013,INSERTED,matched road=48282 s=498.941 t=-4.4 dist=4.013
1310466530,footway,unmarked,3,8.809,"[836463.321, 5460488.248]","[836467.6251660855, 5460489.303755229]","[836459.0694687981, 5460487.204770948]",[],,,,OUTSIDE_MAP_SCOPE,no road within match threshold
1310466532,footway,unmarked,3,8.483,"[836404.985, 5460478.336]","[836409.0677338397, 5460479.849144225]","[836401.1135451371, 5460476.899681106]",[],,,,OUTSIDE_MAP_SCOPE,no road within match threshold
1310466534,footway,unmarked,3,8.166,"[836346.322, 5460470.08]","[836350.2488790805, 5460471.478660876]","[836342.5557442864, 5460468.738906558]",[],,,,OUTSIDE_MAP_SCOPE,no road within match threshold
1310466537,footway,unmarked,3,10.027,"[836286.224, 5460427.894]","[836281.4071264195, 5460428.901843348]","[836291.2214579616, 5460426.846233706]","[""40083""]",468.786,-4.4,6.112,INSERTED,matched road=40083 s=468.786 t=-4.4 dist=6.112
1311357354,footway,uncontrolled,3,11.222,"[840013.166, 5464951.993]","[840011.7499371361, 5464957.390286586]","[840014.5789989857, 5464946.531273528]","[""46967""]",76.508,-4.4,8.518,INSERTED,matched road=46967 s=76.508 t=-4.4 dist=8.518
1311357356,footway,unmarked,3,10.931,"[839926.521, 5465056.563]","[839929.9201024434, 5465051.804244743]","[839923.5635481392, 5465060.69737099]","[""61403""]",16.478,-3.0,1.315,INSERTED,matched road=61403 s=16.478 t=-3.0 dist=1.315
1311357357,footway,unmarked,3,15.052,"[839914.826, 5465056.729]","[839921.105907834, 5465060.675445781]","[839908.3603294996, 5465052.667667133]",[],,,,AMBIGUOUS_MATCH_REJECTED,matcher marked ambiguous
1311357358,footway,unmarked,3,9.823,"[839911.186, 5465048.627]","[839913.9885600113, 5465044.616851017]","[839908.3603294996, 5465052.667667133]","[""61411""]",3.903,-3.0,1.118,INSERTED,matched road=61411 s=3.903 t=-3.0 dist=1.118
1311357359,footway,unmarked,3,14.982,"[839923.265, 5465048.3]","[839916.66629348, 5465044.819728775]","[839929.9201024434, 5465051.804244743]",[],,,,AMBIGUOUS_MATCH_REJECTED,matcher marked ambiguous
1311357360,footway,unmarked,3,10.54,"[839962.339, 5464949.549]","[839967.1790170699, 5464951.532668822]","[839957.3480356953, 5464948.041129092]","[""71740""]",17.703,-3.0,1.223,INSERTED,matched road=71740 s=17.703 t=-3.0 dist=1.223
1384129440,cycleway,uncontrolled,3,14.648,"[839955.44, 5465303.024]","[839952.1115003747, 5465309.257798181]","[839959.0197337023, 5465296.341416569]",[],,,,AMBIGUOUS_MATCH_REJECTED,matcher marked ambiguous
1418867010,footway,traffic_signals,3,17.185,"[840605.528, 5467827.78]","[840606.0448426697, 5467836.4327544095]","[840605.0123422785, 5467819.2784751905]","[""55286""]",0.0,-3.0,2.818,INSERTED,matched road=55286 s=0.0 t=-3.0 dist=2.818
