path,status_vs_baseline,size_bytes,sha256,git_publication_disposition,is_rejected
reports/ingolstadt_map_quality_v2/BASELINE_CANDIDATE.json,added,3380,b03c112485a7b625fa8f90d9e5a5236095d36be080b74efba86994cda5d319ff,COMMIT_DIRECTLY,no
reports/ingolstadt_map_quality_v2/BASELINE_FIELD_DEFINITIONS.json,added,3172,da47ac2a6a0a9ff4f520851c02fe8ec3eb0d712de72ea46d517d460506809a1b,COMMIT_DIRECTLY,no
reports/ingolstadt_map_quality_v2/BASELINE_VALIDATION.md,added,4566,ba26ff884686b8b0218acfad69720c83f1634cb685bfa2e64d36a658c5a118dc,COMMIT_DIRECTLY,no
reports/ingolstadt_map_quality_v2/CAMPAIGN_POINTER.json,added,1072,1ebb18eaef2a2ea9e1558f5c9f58c17131d31c6d7fe869f0c79b569abd1cc81b,COMMIT_DIRECTLY,no
reports/ingolstadt_map_quality_v2/EXTERNAL_ARTIFACT_MANIFEST.json,added,6641,17f51cd83eea2e7c007b248b55daa038e9fd0fcaf768037654d86dece9d1621e,COMMIT_DIRECTLY,no
reports/ingolstadt_map_quality_v2/MASTER_PROMPT.md,untracked,4619,7321fb0d6a7ae4f5609ad2721067ef5f7f996d117806b771161a8f37b05a8fa9,COMMIT_DIRECTLY,no
reports/ingolstadt_map_quality_v2/METRIC_LOCK_REFERENCE.json,added,2566,45d266554b7d31472349c37db2cd3dc2e0c6d9d0922783d6566d0ce2c9a1c0b2,COMMIT_DIRECTLY,no
reports/ingolstadt_map_quality_v2/PHASE_1A_DIAGNOSIS.md,added,4468,9aa6c224c0e976381430e6c3c6258572c86f84ac56213c72a373d2d31b1b84df,COMMIT_DIRECTLY,no
reports/ingolstadt_map_quality_v2/THRESHOLD_LOCK_REFERENCE.json,added,1168,10de310ca478c6ba9905af035257b1ca04b25c5f29b66a01eab03c00c350d7a5,COMMIT_DIRECTLY,no
reports/ingolstadt_map_quality_v2/baseline_record/BASELINE_CANDIDATE.json,untracked,2581,4b8a28ae2294890ff872a592cd990cde5ceebe2270712a6ef267272d8f798153,COMMIT_DIRECTLY,no
reports/ingolstadt_map_quality_v2/connectivity_diagnostics.json,added,9932,5d84c8e70049b05715b761964ea92cbd5de33e81758cd93011428db687714db1,COMMIT_DIRECTLY,no
reports/ingolstadt_map_quality_v2/coordinate_inventory.json,added,5003,d435de987c8cf222c4b08b78648d7dc465d19947e16d918a5624c5fff614b444,COMMIT_DIRECTLY,no
reports/ingolstadt_map_quality_v2/publication/00_REVIEW_ENTRYPOINT.md,untracked,7888,e59b126fbd8bb9cd1f4e2667f888157a3b84372cfb2a73e61dce14cab9c2f5ce,COMMIT_DIRECTLY,no
reports/ingolstadt_map_quality_v2/publication/01_PUBLICATION_INVENTORY.csv,untracked,17457,78d7d758599f7a858796523728680dcbe1c129c54cffea3b4b733797a918e310,COMMIT_DIRECTLY,no
reports/ingolstadt_map_quality_v2/work_package_01_coordinate_truth/PHASE_1A_DIAGNOSIS.md,added,4468,9aa6c224c0e976381430e6c3c6258572c86f84ac56213c72a373d2d31b1b84df,COMMIT_DIRECTLY,no
reports/ingolstadt_map_quality_v2/work_package_01_coordinate_truth/candidates/candidate_actual_reprojection.xodr,added,82639963,3d55a86e47192e6d8558820d8acfd553eb7f665cf9726e67853f9f1a060bc702,COMMIT_VIA_GIT_LFS,no
reports/ingolstadt_map_quality_v2/work_package_01_coordinate_truth/candidates/candidate_alignment_transform_only.xodr,added,82318919,c8419f8c79b2c64bf1025371f1651b7f41e13e47cdfe1107857e16b6c5429ae4,COMMIT_VIA_GIT_LFS,no
reports/ingolstadt_map_quality_v2/work_package_01_coordinate_truth/candidates/candidate_correct_georeference.xodr,added,82319014,f31563ebff32a5320618f21c10a01be0a9cc4743bdc09d152f2c94084881c4f0,COMMIT_VIA_GIT_LFS,no
reports/ingolstadt_map_quality_v2/work_package_01_coordinate_truth/candidates/candidate_metadata_only.xodr,added,82318945,45a8693f33d7dcae6ea77969672ed08249b7b06076dc93614caab6340d190b34,COMMIT_VIA_GIT_LFS,no
reports/ingolstadt_map_quality_v2/work_package_01_coordinate_truth/candidates/coordinate_tests.json,added,1219,d10d79abd79b9bcf932adb14ad75a6ad0f6dec4338804ba7f8f18e3c62203469,COMMIT_DIRECTLY,no
reports/ingolstadt_map_quality_v2/work_package_01_coordinate_truth/coordinate_inventory.json,added,5003,d435de987c8cf222c4b08b78648d7dc465d19947e16d918a5624c5fff614b444,COMMIT_DIRECTLY,no
reports/ingolstadt_map_quality_v2/work_package_02_connectivity/compute_semantic_hash.py,untracked,2922,23959ee472daf8eb959b62f0008ab4384783be42ca0d9872d51a71f705816ebc,COMMIT_DIRECTLY,no
reports/ingolstadt_map_quality_v2/work_package_02_connectivity/connectivity_diagnostics.json,untracked,9932,5d84c8e70049b05715b761964ea92cbd5de33e81758cd93011428db687714db1,COMMIT_DIRECTLY,no
reports/ingolstadt_map_quality_v2/work_package_02_connectivity/rejected_attempt_v1/HASH_REGISTRY.json,untracked,1316,f2f8ee8561292084915116c374a40e44ecdbe954adf93d6b8407f81aae0cf5a2,COMMIT_DIRECTLY,yes
reports/ingolstadt_map_quality_v2/work_package_02_connectivity/rejected_attempt_v1/PROMOTION_BLOCKED.json,untracked,752,5dde497ea7376382acc98a374dea9f2ca3a107c539e693c716ca7520c72728cb,COMMIT_DIRECTLY,yes
reports/ingolstadt_map_quality_v2/work_package_02_connectivity/rejected_attempt_v1/REJECTION_RECORD.json,untracked,2818,f631e822b0d0031a52ddd83f10140def4540e44f30111335c21b7d81b93bc6ae,COMMIT_DIRECTLY,yes
reports/ingolstadt_map_quality_v2/work_package_02_connectivity/rejected_attempt_v1/REPAIR_CONFIGURATION.json,untracked,1646,9a05a78a806f77eefb6073d79ef94ae24e11fead0c2c731940f83aee3e5e645d,COMMIT_DIRECTLY,yes
reports/ingolstadt_map_quality_v2/work_package_02_connectivity/rejected_attempt_v1/REPAIR_SUMMARY.md,untracked,3046,d98d0d4a888f6583d6d4cd1226a396bede39683c8937dc6f9942c318aaaa7c1a,COMMIT_DIRECTLY,yes
reports/ingolstadt_map_quality_v2/work_package_02_connectivity/rejected_attempt_v1/connectivity_diagnostics.json,untracked,9932,5d84c8e70049b05715b761964ea92cbd5de33e81758cd93011428db687714db1,COMMIT_DIRECTLY,yes
reports/ingolstadt_map_quality_v2/work_package_02_connectivity/rejected_attempt_v1/promotion_block.json,untracked,144,77c8da9cfb2aef9005c3a32370d8e35a39b16b4fb5b12501386c1be6e7d19216,COMMIT_DIRECTLY,yes
reports/ingolstadt_map_quality_v2/work_package_02_connectivity/rejected_attempt_v1/repair_report.json,untracked,450,68b3bff1a793d4e7ba861767782d505528ff3a14782b8869768356058677a95e,COMMIT_DIRECTLY,yes
reports/ingolstadt_map_quality_v2/work_package_02_connectivity/rejected_attempt_v1/repaired_validation.py,untracked,5646,33e9645b14472d6e328d1cf3bf7c246a7ef7083e468cfdc5ebfdf24c0334564f,COMMIT_DIRECTLY,yes
reports/ingolstadt_map_quality_v2/work_package_02_connectivity/rejected_attempt_v1/verification/00_WP2C_EXECUTIVE_STATUS.md,untracked,3764,d199761fe0d708a04b7206f05353fa66ddd1f086251b54b20f799963ad34f41a,COMMIT_DIRECTLY,yes
reports/ingolstadt_map_quality_v2/work_package_02_connectivity/rejected_attempt_v1/verification/01_METRIC_DEFINITIONS.json,untracked,871,def098093e8f416fb446103367df2efd761ee0727ce4c96741d64a780b6fca34,COMMIT_DIRECTLY,yes
reports/ingolstadt_map_quality_v2/work_package_02_connectivity/rejected_attempt_v1/verification/02_BASELINE_RECOMPUTATION.json,untracked,1573,0b8ac036100dcdfc11e48ca3c159ea1df0a3b5bdd287900d20527c246363c68c,COMMIT_DIRECTLY,yes
reports/ingolstadt_map_quality_v2/work_package_02_connectivity/rejected_attempt_v1/verification/03_REPAIR_VALIDATION.csv,untracked,836517,d97511a3bd57667c9634c631cf08cb1eb721503ee6f65e6d4d4f276d70272453,COMMIT_DIRECTLY,yes
reports/ingolstadt_map_quality_v2/work_package_02_connectivity/rejected_attempt_v1/verification/04_REJECTED_REPAIRS.csv,untracked,453037,9ade8d526d2b7b3b0bce45966807e4e3b3c22edb5ac13bfd4dbbd46482816b44,COMMIT_DIRECTLY,yes
reports/ingolstadt_map_quality_v2/work_package_02_connectivity/rejected_attempt_v1/verification/05_PREDECESSOR_FAILURE_CLASSIFICATION.csv,untracked,938,dba6a8dd647b38fde06788ca6c57b40774bfe68b01d015711060e78a4f86f15a,COMMIT_DIRECTLY,yes
reports/ingolstadt_map_quality_v2/work_package_02_connectivity/rejected_attempt_v1/verification/06_RECIPROCITY_MATRIX_RESULTS.json,untracked,2927,1b1f0bf66004436547c4f4a8dab00efe4b6e552260ebd9373f6e9aa05cc7838b,COMMIT_DIRECTLY,yes
reports/ingolstadt_map_quality_v2/work_package_02_connectivity/rejected_attempt_v1/verification/07_JUNCTION_CONNECTION_REPORT.json,untracked,12718,aed8b6bea904b20e127054708d4d64ee54beb0ca4070e81d54c0895a6002e66d,COMMIT_DIRECTLY,yes
reports/ingolstadt_map_quality_v2/work_package_02_connectivity/rejected_attempt_v1/verification/08_LANELINK_REPORT.json,untracked,6237,ad2979a8d3a728b043f7e5bf0ff43851bf5581fdbf1f371e249d6df8e55c4abe,COMMIT_DIRECTLY,yes
reports/ingolstadt_map_quality_v2/work_package_02_connectivity/rejected_attempt_v1/verification/09_COMPONENT_ANALYSIS.csv,untracked,399,db48f539424e6cfbdb74deeb4003c06d31020dae1323e3e2da3ab2399c3aa897,COMMIT_DIRECTLY,yes
reports/ingolstadt_map_quality_v2/work_package_02_connectivity/rejected_attempt_v1/verification/10_ROUTE_FIXTURE_RESULTS.json,untracked,2145,7afa71f452e5b8493648c5bd422a6420469ac8dc59bd59f9b7dec22838ebb6a1,COMMIT_DIRECTLY,yes
reports/ingolstadt_map_quality_v2/work_package_02_connectivity/rejected_attempt_v1/verification/11_CONTENT_PRESERVATION.json,untracked,1159,4b621140a6d577405fa13b7181d2bd98181c74c4d9e684e14f69c29cece31903,COMMIT_DIRECTLY,yes
reports/ingolstadt_map_quality_v2/work_package_02_connectivity/rejected_attempt_v1/verification/12_MUTATION_DIFF.jsonl,untracked,428,66b6b23c62c16f14b011c0bfe91980fb1fa21f81000a103bee67a26b7155ba50,COMMIT_DIRECTLY,yes
reports/ingolstadt_map_quality_v2/work_package_02_connectivity/rejected_attempt_v1/verification/13_HASH_REGISTRY.json,untracked,2639,e460e948053b5a8bc1d7373faa7ccc50e22b1f5fb30a6906037dc305ac39c578,COMMIT_DIRECTLY,yes
reports/ingolstadt_map_quality_v2/work_package_02_connectivity/rejected_attempt_v1/verification/14_REMAINING_DEFECTS.csv,untracked,593,e6167acf30d216591a6208a9a08ae23945dfc6b94a09d54e31964b9123b44a15,COMMIT_DIRECTLY,yes
reports/ingolstadt_map_quality_v2/work_package_02_connectivity/rejected_attempt_v1/verification/15_WP2C_VERDICT.md,untracked,2359,22fe6c5516dde454c33ceb5b69099a21e93fb4c624307e507d0ce6918214e2d2,COMMIT_DIRECTLY,yes
reports/ingolstadt_map_quality_v2/work_package_02_connectivity/rejected_attempt_v1/verification/COMMAND_TRANSCRIPT.txt,untracked,3362,f1a1905a26ae394a1f3ddb6d3cf5c68fb9ae386cddcb36f1cee8c3b2b3167fc8,COMMIT_DIRECTLY,yes
reports/ingolstadt_map_quality_v2/work_package_02_connectivity/rejected_attempt_v1/verification/EVIDENCE_MANIFEST.json,untracked,849,cb84c1948bfd6d176551030f625fddfbcf89ef69da1bf213a39cf1bb59428136,COMMIT_DIRECTLY,yes
reports/ingolstadt_map_quality_v2/work_package_02_connectivity/repair_report.json,untracked,450,68b3bff1a793d4e7ba861767782d505528ff3a14782b8869768356058677a95e,COMMIT_DIRECTLY,no
reports/ingolstadt_map_quality_v2/work_package_02_connectivity/repaired_validation.py,untracked,5646,33e9645b14472d6e328d1cf3bf7c246a7ef7083e468cfdc5ebfdf24c0334564f,COMMIT_DIRECTLY,no
reports/ingolstadt_map_quality_v2/work_package_02_connectivity/validation_report.json,untracked,802,e49a16fa9dc6d0b0d614f57b3bacf3881e1b6c08500ba77a6038ac824c63bb6f,COMMIT_DIRECTLY,no
reports/ingolstadt_map_quality_v2/work_package_02_connectivity/verification/00_WP2C_EXECUTIVE_STATUS.md,untracked,3764,d199761fe0d708a04b7206f05353fa66ddd1f086251b54b20f799963ad34f41a,COMMIT_DIRECTLY,no
reports/ingolstadt_map_quality_v2/work_package_02_connectivity/verification/01_METRIC_DEFINITIONS.json,untracked,871,def098093e8f416fb446103367df2efd761ee0727ce4c96741d64a780b6fca34,COMMIT_DIRECTLY,no
reports/ingolstadt_map_quality_v2/work_package_02_connectivity/verification/02_BASELINE_RECOMPUTATION.json,untracked,1573,0b8ac036100dcdfc11e48ca3c159ea1df0a3b5bdd287900d20527c246363c68c,COMMIT_DIRECTLY,no
reports/ingolstadt_map_quality_v2/work_package_02_connectivity/verification/03_REPAIR_VALIDATION.csv,untracked,836517,d97511a3bd57667c9634c631cf08cb1eb721503ee6f65e6d4d4f276d70272453,COMMIT_DIRECTLY,no
reports/ingolstadt_map_quality_v2/work_package_02_connectivity/verification/04_REJECTED_REPAIRS.csv,untracked,453037,9ade8d526d2b7b3b0bce45966807e4e3b3c22edb5ac13bfd4dbbd46482816b44,COMMIT_DIRECTLY,no
reports/ingolstadt_map_quality_v2/work_package_02_connectivity/verification/05_PREDECESSOR_FAILURE_CLASSIFICATION.csv,untracked,938,dba6a8dd647b38fde06788ca6c57b40774bfe68b01d015711060e78a4f86f15a,COMMIT_DIRECTLY,no
reports/ingolstadt_map_quality_v2/work_package_02_connectivity/verification/06_RECIPROCITY_MATRIX_RESULTS.json,untracked,2927,1b1f0bf66004436547c4f4a8dab00efe4b6e552260ebd9373f6e9aa05cc7838b,COMMIT_DIRECTLY,no
reports/ingolstadt_map_quality_v2/work_package_02_connectivity/verification/07_JUNCTION_CONNECTION_REPORT.json,untracked,12718,aed8b6bea904b20e127054708d4d64ee54beb0ca4070e81d54c0895a6002e66d,COMMIT_DIRECTLY,no
reports/ingolstadt_map_quality_v2/work_package_02_connectivity/verification/08_LANELINK_REPORT.json,untracked,6237,ad2979a8d3a728b043f7e5bf0ff43851bf5581fdbf1f371e249d6df8e55c4abe,COMMIT_DIRECTLY,no
reports/ingolstadt_map_quality_v2/work_package_02_connectivity/verification/09_COMPONENT_ANALYSIS.csv,untracked,399,db48f539424e6cfbdb74deeb4003c06d31020dae1323e3e2da3ab2399c3aa897,COMMIT_DIRECTLY,no
reports/ingolstadt_map_quality_v2/work_package_02_connectivity/verification/10_ROUTE_FIXTURE_RESULTS.json,untracked,2145,7afa71f452e5b8493648c5bd422a6420469ac8dc59bd59f9b7dec22838ebb6a1,COMMIT_DIRECTLY,no
reports/ingolstadt_map_quality_v2/work_package_02_connectivity/verification/11_CONTENT_PRESERVATION.json,untracked,1159,4b621140a6d577405fa13b7181d2bd98181c74c4d9e684e14f69c29cece31903,COMMIT_DIRECTLY,no
reports/ingolstadt_map_quality_v2/work_package_02_connectivity/verification/12_MUTATION_DIFF.jsonl,untracked,428,66b6b23c62c16f14b011c0bfe91980fb1fa21f81000a103bee67a26b7155ba50,COMMIT_DIRECTLY,no
reports/ingolstadt_map_quality_v2/work_package_02_connectivity/verification/13_HASH_REGISTRY.json,untracked,2639,e460e948053b5a8bc1d7373faa7ccc50e22b1f5fb30a6906037dc305ac39c578,COMMIT_DIRECTLY,no
reports/ingolstadt_map_quality_v2/work_package_02_connectivity/verification/14_REMAINING_DEFECTS.csv,untracked,593,e6167acf30d216591a6208a9a08ae23945dfc6b94a09d54e31964b9123b44a15,COMMIT_DIRECTLY,no
reports/ingolstadt_map_quality_v2/work_package_02_connectivity/verification/15_WP2C_VERDICT.md,untracked,2359,22fe6c5516dde454c33ceb5b69099a21e93fb4c624307e507d0ce6918214e2d2,COMMIT_DIRECTLY,no
reports/ingolstadt_map_quality_v2/work_package_02_connectivity/verification/COMMAND_TRANSCRIPT.txt,untracked,3362,f1a1905a26ae394a1f3ddb6d3cf5c68fb9ae386cddcb36f1cee8c3b2b3167fc8,COMMIT_DIRECTLY,no
reports/ingolstadt_map_quality_v2/work_package_02_connectivity/verification/EVIDENCE_MANIFEST.json,untracked,849,cb84c1948bfd6d176551030f625fddfbcf89ef69da1bf213a39cf1bb59428136,COMMIT_DIRECTLY,no
reports/ingolstadt_map_quality_v2/work_package_02_connectivity/wp2c_verify.py,untracked,56547,2fce01470561ffaecd49ed2655bd3fd5f660d9e7cd3a829f8e7007b16ab5c2c3,COMMIT_DIRECTLY,no
